payment_id,subscription_id,customer_id,payment_date,amount
1,1,1.0,2025-05-11,29
2,1,1.0,2025-05-11,29
3,1,1.0,2025-05-11,29
4,1,1.0,2025-05-11,29
5,1,1.0,2025-05-11,29
6,1,1.0,2025-05-11,199.00
7,1,1.0,2025-05-11,79
8,1,1.0,2025-05-11,29.00
9,1,1.0,2025-05-11,29.00
10,1,1.0,2025-05-11,29
11,1,1.0,2025-05-11,29
12,1,1.0,2025-05-11,199.00
13,1,1.0,2025-05-11,79
14,1,1.0,2025-05-11,199.00
15,1,1.0,2025-05-11,79
16,1,1.0,2025-05-11,199.00
17,1,1.0,2025-05-11,29
18,2,2.0,2024-10-13,29
19,2,2.0,2024-10-13,199.00
20,2,2.0,2024-10-13,199.00
21,2,2.0,2024-10-13,79
22,2,2.0,2024-10-13,79
23,2,2.0,2024-10-13,199.00
24,2,2.0,2024-10-13,29
25,2,2.0,2024-10-13,29
26,2,2.0,2024-10-13,79
27,2,2.0,2024-10-13,199.00
28,2,2.0,2024-10-13,199.00
29,2,2.0,2024-10-13,29.00
30,2,2.0,2024-10-13,199.00
31,2,2.0,2024-10-13,79
32,2,2.0,2024-10-13,29.00
33,2,2.0,2024-10-13,29
34,3,3.0,2025-02-17,29
35,3,3.0,2025-02-17,79
36,3,3.0,2025-02-17,29
37,3,3.0,2025-02-17,79
38,3,3.0,2025-02-17,29
39,3,3.0,2025-02-17,-29
40,3,3.0,2025-02-17,199.00
41,3,3.0,2025-02-17,29.00
42,3,3.0,2025-02-17,199.00
43,3,3.0,2025-02-17,79
44,3,3.0,2025-02-17,29.00
45,3,3.0,2025-02-17,79
46,3,3.0,2025-02-17,-29
47,3,3.0,2025-02-17,29
48,3,3.0,2025-02-17,79
49,4,4.0,2026-05-20,199.00
50,4,4.0,2026-05-20,29
51,4,4.0,2026-05-20,29.00
52,4,4.0,2026-05-20,199.00
53,4,4.0,2026-05-20,199.00
54,4,4.0,2026-05-20,79
55,4,4.0,2026-05-20,29
56,4,,2026-05-20,29.00
57,5,5.0,2025-10-10,29
58,5,5.0,2025-10-10,29
59,5,5.0,2025-10-10,79
60,5,5.0,2025-10-10,79
61,5,5.0,2025-10-10,79
62,5,5.0,2025-10-10,29
63,5,5.0,2025-10-10,79
64,5,5.0,2025-10-10,199.00
65,5,5.0,2025-10-10,29
66,6,6.0,2026-03-21,29.00
67,6,6.0,2026-03-21,29.00
68,6,6.0,2026-03-21,29
69,6,6.0,2026-03-21,79
70,6,6.0,2026-03-21,79
71,6,6.0,2026-03-21,29.00
72,6,6.0,2026-03-21,29.00
73,6,6.0,2026-03-21,29.00
74,6,6.0,2026-03-21,29
75,7,7.0,2026-01-29,29.00
76,7,7.0,2026-01-29,79
77,7,7.0,2026-01-29,29
78,7,7.0,2026-01-29,79
79,7,7.0,2026-01-29,29
80,7,7.0,2026-01-29,29.00
81,7,7.0,2026-01-29,29.00
82,7,7.0,2026-01-29,79
83,8,8.0,2025-06-04,79
84,8,8.0,2025-06-04,29
85,8,8.0,2025-06-04,29.00
86,8,8.0,2025-06-04,199.00
87,8,8.0,2025-06-04,-29
88,8,8.0,2025-06-04,79
89,8,8.0,2025-06-04,29.00
90,8,8.0,2025-06-04,29
91,8,8.0,2025-06-04,29
92,8,8.0,2025-06-04,79
93,8,8.0,2025-06-04,199.00
94,8,8.0,2025-06-04,79
95,8,8.0,2025-06-04,29.00
96,8,8.0,2025-06-04,199.00
97,8,8.0,2025-06-04,79
98,8,8.0,2025-06-04,199.00
99,9,9.0,2024-09-14,199.00
100,9,9.0,2024-09-14,29
101,9,9.0,2024-09-14,29
102,9,,2024-09-14,199.00
103,9,9.0,2024-09-14,29
104,9,9.0,2024-09-14,29.00
105,9,9.0,2024-09-14,79
106,10,10.0,2024-12-29,29
107,10,10.0,2024-12-29,29.00
108,10,10.0,2024-12-29,79
109,10,10.0,2024-12-29,79
110,10,10.0,2024-12-29,29.00
111,10,10.0,2024-12-29,29.00
112,10,10.0,2024-12-29,199.00
113,10,10.0,2024-12-29,79
114,10,10.0,2024-12-29,29.00
115,10,10.0,2024-12-29,29
116,10,10.0,2024-12-29,79
117,10,10.0,2024-12-29,79
118,10,10.0,2024-12-29,29.00
119,10,10.0,2024-12-29,79
120,10,10.0,2024-12-29,29
121,10,10.0,2024-12-29,199.00
122,10,10.0,2024-12-29,29
123,10,10.0,2024-12-29,29.00
124,11,11.0,2025-04-05,199.00
125,11,11.0,2025-04-05,79
126,11,11.0,2025-04-05,29.00
127,11,11.0,2025-04-05,29
128,11,11.0,2025-04-05,199.00
129,11,11.0,2025-04-05,199.00
130,11,11.0,2025-04-05,199.00
131,11,11.0,2025-04-05,199.00
132,11,11.0,2025-04-05,29
133,11,11.0,2025-04-05,29
134,11,11.0,2025-04-05,29.00
135,12,12.0,2026-02-17,79
136,12,12.0,2026-02-17,29
137,12,12.0,2026-02-17,79
138,12,12.0,2026-02-17,79
139,12,12.0,2026-02-17,79
140,12,12.0,2026-02-17,199.00
141,12,12.0,2026-02-17,79
142,12,12.0,2026-02-17,29
143,12,12.0,2026-02-17,199.00
144,12,12.0,2026-02-17,-29
145,12,12.0,2026-02-17,79
146,12,12.0,2026-02-17,79
147,12,12.0,2026-02-17,29.00
148,12,12.0,2026-02-17,79
149,12,12.0,2026-02-17,29
150,13,13.0,2026-05-16,199.00
151,13,13.0,2026-05-16,29.00
152,13,13.0,2026-05-16,29.00
153,13,13.0,2026-05-16,79
154,13,13.0,2026-05-16,79
155,13,13.0,2026-05-16,79
156,13,13.0,2026-05-16,79
157,13,13.0,2026-05-16,79
158,14,14.0,2025-01-16,79
159,14,14.0,2025-01-16,79
160,14,14.0,2025-01-16,29
161,14,14.0,2025-01-16,29
162,14,14.0,2025-01-16,199.00
163,14,14.0,2025-01-16,79
164,14,14.0,2025-01-16,79
165,14,14.0,2025-01-16,79
166,14,14.0,2025-01-16,-29
167,14,,2025-01-16,79
168,14,14.0,2025-01-16,29
169,14,14.0,2025-01-16,79
170,14,14.0,2025-01-16,79
171,14,14.0,2025-01-16,29
172,14,14.0,2025-01-16,29
173,14,14.0,2025-01-16,199.00
174,14,14.0,2025-01-16,29.00
175,14,14.0,2025-01-16,79
176,15,15.0,2025-04-23,79
177,15,15.0,2025-04-23,29
178,15,15.0,2025-04-23,79
179,15,15.0,2025-04-23,79
180,15,15.0,2025-04-23,29
181,15,15.0,2025-04-23,29
182,15,15.0,2025-04-23,199.00
183,15,15.0,2025-04-23,29.00
184,16,16.0,2025-04-13,199.00
185,16,16.0,2025-04-13,79
186,16,16.0,2025-04-13,29.00
187,16,16.0,2025-04-13,199.00
188,16,16.0,2025-04-13,29
189,16,16.0,2025-04-13,29
190,16,16.0,2025-04-13,79
191,16,16.0,2025-04-13,29
192,16,16.0,2025-04-13,29.00
193,16,16.0,2025-04-13,199.00
194,16,16.0,2025-04-13,79
195,16,16.0,2025-04-13,79
196,16,16.0,2025-04-13,199.00
197,17,17.0,2026-02-13,29
198,17,17.0,2026-02-13,199.00
199,17,17.0,2026-02-13,79
200,17,17.0,2026-02-13,79
201,17,17.0,2026-02-13,199.00
202,17,17.0,2026-02-13,29.00
203,17,17.0,2026-02-13,79
204,17,17.0,2026-02-13,79
205,17,17.0,2026-02-13,79
206,17,17.0,2026-02-13,29.00
207,17,17.0,2026-02-13,29
208,17,17.0,2026-02-13,29
209,18,18.0,2026-02-23,79
210,18,18.0,2026-02-23,199.00
211,18,18.0,2026-02-23,79
212,18,18.0,2026-02-23,29.00
213,18,18.0,2026-02-23,199.00
214,18,18.0,2026-02-23,79
215,18,18.0,2026-02-23,79
216,18,18.0,2026-02-23,29
217,18,18.0,2026-02-23,199.00
218,18,18.0,2026-02-23,79
219,18,18.0,2026-02-23,29.00
220,18,18.0,2026-02-23,199.00
221,18,18.0,2026-02-23,79
222,18,18.0,2026-02-23,29.00
223,18,18.0,2026-02-23,-29
224,18,18.0,2026-02-23,29
225,18,18.0,2026-02-23,29
226,19,19.0,2025-12-31,79
227,19,19.0,2025-12-31,29
228,19,19.0,2025-12-31,79
229,19,19.0,2025-12-31,79
230,19,19.0,2025-12-31,29
231,19,19.0,2025-12-31,29
232,20,20.0,2025-08-16,79
233,20,20.0,2025-08-16,29
234,20,20.0,2025-08-16,29
235,20,20.0,2025-08-16,199.00
236,20,20.0,2025-08-16,199.00
237,20,20.0,2025-08-16,29.00
238,20,20.0,2025-08-16,-29
239,20,20.0,2025-08-16,79
240,20,20.0,2025-08-16,29
241,20,20.0,2025-08-16,79
242,20,20.0,2025-08-16,29
243,20,20.0,2025-08-16,199.00
244,20,20.0,2025-08-16,29
245,20,20.0,2025-08-16,29
246,20,20.0,2025-08-16,29.00
247,20,20.0,2025-08-16,79
248,20,20.0,2025-08-16,79
249,20,20.0,2025-08-16,29
250,21,21.0,2026-01-15,199.00
251,21,21.0,2026-01-15,29
252,21,21.0,2026-01-15,79
253,21,21.0,2026-01-15,199.00
254,21,21.0,2026-01-15,29.00
255,21,21.0,2026-01-15,29
256,21,21.0,2026-01-15,199.00
257,21,21.0,2026-01-15,79
258,21,21.0,2026-01-15,199.00
259,21,21.0,2026-01-15,79
260,21,21.0,2026-01-15,79
261,21,21.0,2026-01-15,79
262,22,22.0,2025-07-13,79
263,22,22.0,2025-07-13,79
264,22,22.0,2025-07-13,199.00
265,22,22.0,2025-07-13,29
266,22,22.0,2025-07-13,79
267,22,22.0,2025-07-13,29
268,22,22.0,2025-07-13,29.00
269,22,22.0,2025-07-13,29
270,22,22.0,2025-07-13,29
271,22,22.0,2025-07-13,29.00
272,22,22.0,2025-07-13,79
273,22,22.0,2025-07-13,79
274,22,22.0,2025-07-13,79
275,22,22.0,2025-07-13,79
276,22,22.0,2025-07-13,29
277,22,22.0,2025-07-13,79
278,23,23.0,2025-09-09,29
279,23,23.0,2025-09-09,199.00
280,23,23.0,2025-09-09,79
281,23,23.0,2025-09-09,79
282,23,23.0,2025-09-09,29.00
283,23,23.0,2025-09-09,79
284,23,23.0,2025-09-09,29
285,23,23.0,2025-09-09,79
286,23,23.0,2025-09-09,199.00
287,23,23.0,2025-09-09,29
288,23,23.0,2025-09-09,29
289,23,23.0,2025-09-09,79
290,23,23.0,2025-09-09,29
291,23,23.0,2025-09-09,199.00
292,23,23.0,2025-09-09,29
293,23,23.0,2025-09-09,199.00
294,23,23.0,2025-09-09,199.00
295,24,24.0,2025-08-22,29
296,24,24.0,2025-08-22,199.00
297,24,24.0,2025-08-22,199.00
298,24,24.0,2025-08-22,199.00
299,24,24.0,2025-08-22,29.00
300,24,24.0,2025-08-22,29
301,24,24.0,2025-08-22,29
302,24,24.0,2025-08-22,79
303,24,24.0,2025-08-22,29.00
304,24,24.0,2025-08-22,79
305,24,24.0,2025-08-22,79
306,24,24.0,2025-08-22,29
307,24,24.0,2025-08-22,79
308,24,24.0,2025-08-22,29.00
309,25,25.0,2024-12-25,29
310,25,25.0,2024-12-25,79
311,25,25.0,2024-12-25,79
312,25,25.0,2024-12-25,199.00
313,25,,2024-12-25,199.00
314,25,25.0,2024-12-25,199.00
315,25,25.0,2024-12-25,79
316,25,25.0,2024-12-25,29
317,25,25.0,2024-12-25,29
318,25,25.0,2024-12-25,29
319,25,25.0,2024-12-25,199.00
320,25,25.0,2024-12-25,29
321,25,25.0,2024-12-25,29
322,25,25.0,2024-12-25,29
323,25,25.0,2024-12-25,29
324,25,25.0,2024-12-25,29.00
325,25,25.0,2024-12-25,29
326,26,26.0,2025-11-12,29
327,26,26.0,2025-11-12,29
328,26,26.0,2025-11-12,29.00
329,26,26.0,2025-11-12,79
330,26,26.0,2025-11-12,29
331,26,26.0,2025-11-12,29
332,26,26.0,2025-11-12,199.00
333,26,26.0,2025-11-12,79
334,26,26.0,2025-11-12,29
335,26,26.0,2025-11-12,79
336,26,26.0,2025-11-12,79
337,26,26.0,2025-11-12,79
338,26,26.0,2025-11-12,79
339,27,27.0,2025-07-15,29
340,27,27.0,2025-07-15,79
341,27,27.0,2025-07-15,199.00
342,27,27.0,2025-07-15,79
343,27,27.0,2025-07-15,79
344,27,27.0,2025-07-15,79
345,27,27.0,2025-07-15,29
346,28,28.0,2025-03-21,199.00
347,28,28.0,2025-03-21,199.00
348,28,28.0,2025-03-21,29.00
349,28,28.0,2025-03-21,79
350,28,28.0,2025-03-21,199.00
351,28,28.0,2025-03-21,29
352,28,28.0,2025-03-21,79
353,29,29.0,2025-11-10,29
354,29,29.0,2025-11-10,-29
355,29,29.0,2025-11-10,29.00
356,29,29.0,2025-11-10,29.00
357,29,29.0,2025-11-10,-29
358,29,,2025-11-10,29.00
359,29,29.0,2025-11-10,29
360,29,29.0,2025-11-10,79
361,29,29.0,2025-11-10,79
362,30,30.0,2024-10-18,29
363,30,30.0,2024-10-18,199.00
364,30,30.0,2024-10-18,29
365,30,30.0,2024-10-18,79
366,30,30.0,2024-10-18,199.00
367,30,30.0,2024-10-18,29
368,30,30.0,2024-10-18,29.00
369,30,30.0,2024-10-18,79
370,30,30.0,2024-10-18,79
371,30,30.0,2024-10-18,79
372,30,30.0,2024-10-18,29
373,30,30.0,2024-10-18,79
374,30,30.0,2024-10-18,79
375,30,30.0,2024-10-18,79
376,30,30.0,2024-10-18,29
377,31,31.0,2024-08-18,29
378,31,31.0,2024-08-18,29
379,31,31.0,2024-08-18,29.00
380,31,31.0,2024-08-18,79
381,31,31.0,2024-08-18,79
382,31,31.0,2024-08-18,79
383,31,31.0,2024-08-18,29
384,32,32.0,2025-04-11,199.00
385,32,32.0,2025-04-11,29
386,32,32.0,2025-04-11,29
387,32,32.0,2025-04-11,79
388,32,32.0,2025-04-11,79
389,32,32.0,2025-04-11,79
390,32,32.0,2025-04-11,-29
391,32,32.0,2025-04-11,29
392,33,33.0,2026-04-28,29.00
393,33,33.0,2026-04-28,29
394,33,33.0,2026-04-28,79
395,33,33.0,2026-04-28,29
396,33,33.0,2026-04-28,79
397,33,33.0,2026-04-28,29.00
398,33,33.0,2026-04-28,199.00
399,34,34.0,2024-08-20,29
400,34,34.0,2024-08-20,29
401,34,34.0,2024-08-20,199.00
402,34,34.0,2024-08-20,29
403,34,34.0,2024-08-20,79
404,34,34.0,2024-08-20,29.00
405,34,,2024-08-20,29
406,34,34.0,2024-08-20,199.00
407,34,34.0,2024-08-20,79
408,34,34.0,2024-08-20,199.00
409,34,,2024-08-20,199.00
410,34,34.0,2024-08-20,29
411,35,35.0,2026-03-24,29
412,35,35.0,2026-03-24,29.00
413,35,35.0,2026-03-24,199.00
414,35,35.0,2026-03-24,29
415,35,35.0,2026-03-24,79
416,35,35.0,2026-03-24,199.00
417,35,35.0,2026-03-24,29.00
418,35,35.0,2026-03-24,79
419,35,35.0,2026-03-24,29
420,35,35.0,2026-03-24,199.00
421,36,36.0,2024-10-31,79
422,36,36.0,2024-10-31,29
423,36,36.0,2024-10-31,79
424,36,36.0,2024-10-31,79
425,36,36.0,2024-10-31,79
426,36,36.0,2024-10-31,29
427,36,36.0,2024-10-31,29.00
428,36,36.0,2024-10-31,199.00
429,37,37.0,2025-12-03,79
430,37,37.0,2025-12-03,29
431,37,37.0,2025-12-03,29
432,37,37.0,2025-12-03,79
433,37,37.0,2025-12-03,199.00
434,37,37.0,2025-12-03,79
435,37,37.0,2025-12-03,79
436,37,37.0,2025-12-03,79
437,37,37.0,2025-12-03,29
438,37,37.0,2025-12-03,199.00
439,38,38.0,2024-10-06,29
440,38,38.0,2024-10-06,29
441,38,38.0,2024-10-06,199.00
442,38,38.0,2024-10-06,29
443,38,38.0,2024-10-06,29
444,38,38.0,2024-10-06,79
445,38,38.0,2024-10-06,79
446,38,38.0,2024-10-06,29
447,38,38.0,2024-10-06,79
448,38,38.0,2024-10-06,29
449,38,38.0,2024-10-06,29
450,39,39.0,2025-01-18,199.00
451,39,39.0,2025-01-18,29
452,39,39.0,2025-01-18,29
453,39,39.0,2025-01-18,29.00
454,39,39.0,2025-01-18,29
455,39,39.0,2025-01-18,79
456,39,39.0,2025-01-18,29
457,39,39.0,2025-01-18,79
458,39,39.0,2025-01-18,29.00
459,39,39.0,2025-01-18,79
460,39,39.0,2025-01-18,79
461,39,39.0,2025-01-18,199.00
462,39,39.0,2025-01-18,29
463,39,39.0,2025-01-18,29.00
464,39,39.0,2025-01-18,79
465,39,39.0,2025-01-18,199.00
466,40,40.0,2025-12-29,79
467,40,40.0,2025-12-29,29.00
468,40,40.0,2025-12-29,29
469,40,40.0,2025-12-29,29
470,40,40.0,2025-12-29,79
471,40,40.0,2025-12-29,29.00
472,40,40.0,2025-12-29,29.00
473,40,40.0,2025-12-29,29.00
474,40,40.0,2025-12-29,29
475,40,40.0,2025-12-29,29
476,40,40.0,2025-12-29,29
477,40,40.0,2025-12-29,29
478,40,40.0,2025-12-29,29.00
479,40,40.0,2025-12-29,79
480,41,,2025-02-06,29
481,41,41.0,2025-02-06,29.00
482,41,41.0,2025-02-06,199.00
483,41,41.0,2025-02-06,29
484,41,41.0,2025-02-06,29.00
485,41,41.0,2025-02-06,79
486,41,,2025-02-06,79
487,41,41.0,2025-02-06,79
488,41,41.0,2025-02-06,29
489,41,41.0,2025-02-06,29.00
490,41,41.0,2025-02-06,199.00
491,41,41.0,2025-02-06,29
492,41,41.0,2025-02-06,79
493,41,41.0,2025-02-06,79
494,41,,2025-02-06,29
495,42,42.0,2026-01-26,199.00
496,42,42.0,2026-01-26,79
497,42,42.0,2026-01-26,29
498,42,42.0,2026-01-26,199.00
499,42,42.0,2026-01-26,79
500,42,42.0,2026-01-26,29.00
501,42,42.0,2026-01-26,79
502,42,42.0,2026-01-26,29.00
503,42,42.0,2026-01-26,29
504,43,43.0,2025-10-28,199.00
505,43,43.0,2025-10-28,29
506,43,43.0,2025-10-28,29
507,43,43.0,2025-10-28,79
508,43,43.0,2025-10-28,79
509,43,43.0,2025-10-28,199.00
510,44,44.0,2025-12-15,79
511,44,44.0,2025-12-15,29.00
512,44,44.0,2025-12-15,29
513,44,44.0,2025-12-15,79
514,44,44.0,2025-12-15,199.00
515,44,44.0,2025-12-15,199.00
516,44,44.0,2025-12-15,79
517,44,44.0,2025-12-15,29
518,44,44.0,2025-12-15,29
519,44,44.0,2025-12-15,29.00
520,44,44.0,2025-12-15,79
521,44,44.0,2025-12-15,29.00
522,44,44.0,2025-12-15,29
523,44,44.0,2025-12-15,29
524,44,44.0,2025-12-15,29
525,44,44.0,2025-12-15,79
526,44,44.0,2025-12-15,29
527,45,45.0,2024-06-23,79
528,45,45.0,2024-06-23,29
529,45,45.0,2024-06-23,29.00
530,45,45.0,2024-06-23,79
531,45,45.0,2024-06-23,29
532,45,45.0,2024-06-23,79
533,45,45.0,2024-06-23,29
534,45,45.0,2024-06-23,79
535,45,45.0,2024-06-23,29.00
536,45,45.0,2024-06-23,199.00
537,45,45.0,2024-06-23,29.00
538,45,45.0,2024-06-23,29.00
539,45,45.0,2024-06-23,29
540,46,46.0,2026-05-22,29
541,46,46.0,2026-05-22,199.00
542,46,46.0,2026-05-22,79
543,46,46.0,2026-05-22,29
544,46,46.0,2026-05-22,199.00
545,46,46.0,2026-05-22,79
546,46,46.0,2026-05-22,29.00
547,46,46.0,2026-05-22,29
548,46,46.0,2026-05-22,29
549,46,46.0,2026-05-22,199.00
550,46,46.0,2026-05-22,79
551,46,46.0,2026-05-22,29
552,46,46.0,2026-05-22,29
553,46,46.0,2026-05-22,79
554,46,46.0,2026-05-22,79
555,47,47.0,2026-04-13,29
556,47,47.0,2026-04-13,29
557,47,47.0,2026-04-13,29
558,47,47.0,2026-04-13,79
559,47,47.0,2026-04-13,199.00
560,47,47.0,2026-04-13,29
561,47,47.0,2026-04-13,199.00
562,47,47.0,2026-04-13,199.00
563,47,47.0,2026-04-13,79
564,47,47.0,2026-04-13,29.00
565,47,47.0,2026-04-13,199.00
566,47,47.0,2026-04-13,79
567,47,47.0,2026-04-13,79
568,47,47.0,2026-04-13,29
569,47,47.0,2026-04-13,29
570,48,48.0,2025-04-23,29.00
571,48,48.0,2025-04-23,199.00
572,48,48.0,2025-04-23,79
573,48,48.0,2025-04-23,29
574,48,48.0,2025-04-23,79
575,48,48.0,2025-04-23,29.00
576,48,48.0,2025-04-23,29
577,48,48.0,2025-04-23,199.00
578,48,48.0,2025-04-23,29
579,49,49.0,2024-08-24,79
580,49,49.0,2024-08-24,79
581,49,49.0,2024-08-24,29
582,49,49.0,2024-08-24,79
583,49,49.0,2024-08-24,199.00
584,49,49.0,2024-08-24,29
585,49,49.0,2024-08-24,29
586,49,49.0,2024-08-24,29.00
587,49,49.0,2024-08-24,79
588,49,49.0,2024-08-24,199.00
589,49,49.0,2024-08-24,79
590,49,49.0,2024-08-24,29.00
591,49,49.0,2024-08-24,29.00
592,49,49.0,2024-08-24,29
593,49,49.0,2024-08-24,79
594,49,,2024-08-24,29
595,49,49.0,2024-08-24,29
596,49,49.0,2024-08-24,79
597,50,50.0,2025-03-25,79
598,50,50.0,2025-03-25,79
599,50,50.0,2025-03-25,79
600,50,50.0,2025-03-25,199.00
601,50,50.0,2025-03-25,29.00
602,50,50.0,2025-03-25,79
603,50,50.0,2025-03-25,29
604,50,50.0,2025-03-25,79
605,50,50.0,2025-03-25,79
606,50,50.0,2025-03-25,199.00
607,50,50.0,2025-03-25,79
608,50,50.0,2025-03-25,199.00
609,50,50.0,2025-03-25,29.00
610,50,50.0,2025-03-25,79
611,50,50.0,2025-03-25,199.00
612,51,51.0,2024-09-19,29.00
613,51,51.0,2024-09-19,29
614,51,51.0,2024-09-19,199.00
615,51,51.0,2024-09-19,29
616,51,51.0,2024-09-19,199.00
617,51,51.0,2024-09-19,199.00
618,51,51.0,2024-09-19,79
619,51,51.0,2024-09-19,29.00
620,51,51.0,2024-09-19,199.00
621,52,52.0,2025-10-17,29.00
622,52,52.0,2025-10-17,79
623,52,52.0,2025-10-17,79
624,52,52.0,2025-10-17,29
625,52,52.0,2025-10-17,199.00
626,52,52.0,2025-10-17,29
627,52,52.0,2025-10-17,-29
628,52,52.0,2025-10-17,29.00
629,52,52.0,2025-10-17,79
630,53,53.0,2025-12-26,29
631,53,53.0,2025-12-26,79
632,53,53.0,2025-12-26,29
633,53,53.0,2025-12-26,29.00
634,53,53.0,2025-12-26,79
635,53,53.0,2025-12-26,199.00
636,53,53.0,2025-12-26,-29
637,53,53.0,2025-12-26,29
638,53,53.0,2025-12-26,79
639,53,53.0,2025-12-26,79
640,53,53.0,2025-12-26,79
641,53,53.0,2025-12-26,29
642,53,53.0,2025-12-26,199.00
643,53,53.0,2025-12-26,199.00
644,53,53.0,2025-12-26,199.00
645,53,53.0,2025-12-26,199.00
646,54,54.0,2024-11-02,199.00
647,54,54.0,2024-11-02,79
648,54,54.0,2024-11-02,29
649,54,54.0,2024-11-02,29
650,54,54.0,2024-11-02,199.00
651,54,54.0,2024-11-02,29
652,54,54.0,2024-11-02,29
653,54,54.0,2024-11-02,199.00
654,54,54.0,2024-11-02,199.00
655,54,54.0,2024-11-02,199.00
656,54,54.0,2024-11-02,79
657,54,54.0,2024-11-02,79
658,55,55.0,2025-08-08,79
659,55,55.0,2025-08-08,199.00
660,55,55.0,2025-08-08,199.00
661,55,55.0,2025-08-08,29
662,55,55.0,2025-08-08,29
663,55,55.0,2025-08-08,29
664,55,55.0,2025-08-08,29.00
665,55,55.0,2025-08-08,29
666,55,55.0,2025-08-08,199.00
667,55,55.0,2025-08-08,29
668,55,55.0,2025-08-08,29
669,55,55.0,2025-08-08,79
670,55,55.0,2025-08-08,199.00
671,55,,2025-08-08,79
672,55,55.0,2025-08-08,29.00
673,55,55.0,2025-08-08,29
674,55,55.0,2025-08-08,29
675,56,56.0,2025-01-03,29.00
676,56,56.0,2025-01-03,199.00
677,56,56.0,2025-01-03,79
678,56,56.0,2025-01-03,79
679,56,56.0,2025-01-03,199.00
680,56,56.0,2025-01-03,29
681,56,56.0,2025-01-03,79
682,56,56.0,2025-01-03,29.00
683,56,56.0,2025-01-03,29
684,56,56.0,2025-01-03,79
685,56,56.0,2025-01-03,29.00
686,56,56.0,2025-01-03,29.00
687,57,57.0,2024-07-19,29
688,57,57.0,2024-07-19,79
689,57,57.0,2024-07-19,199.00
690,57,57.0,2024-07-19,29
691,57,57.0,2024-07-19,29.00
692,57,57.0,2024-07-19,29.00
693,57,57.0,2024-07-19,199.00
694,57,57.0,2024-07-19,199.00
695,57,57.0,2024-07-19,29.00
696,57,57.0,2024-07-19,79
697,57,57.0,2024-07-19,79
698,57,57.0,2024-07-19,199.00
699,57,57.0,2024-07-19,29
700,57,57.0,2024-07-19,199.00
701,57,57.0,2024-07-19,199.00
702,58,58.0,2024-10-05,29.00
703,58,58.0,2024-10-05,79
704,58,58.0,2024-10-05,79
705,58,58.0,2024-10-05,29.00
706,58,58.0,2024-10-05,29
707,58,58.0,2024-10-05,29
708,58,58.0,2024-10-05,29
709,58,58.0,2024-10-05,79
710,58,58.0,2024-10-05,79
711,59,59.0,2024-09-25,29
712,59,59.0,2024-09-25,199.00
713,59,59.0,2024-09-25,79
714,59,59.0,2024-09-25,199.00
715,59,59.0,2024-09-25,79
716,59,59.0,2024-09-25,79
717,59,59.0,2024-09-25,29
718,59,59.0,2024-09-25,79
719,59,59.0,2024-09-25,79
720,59,59.0,2024-09-25,29.00
721,60,60.0,2025-04-21,29
722,60,60.0,2025-04-21,199.00
723,60,60.0,2025-04-21,29
724,60,60.0,2025-04-21,29.00
725,60,60.0,2025-04-21,199.00
726,60,60.0,2025-04-21,79
727,61,61.0,2025-05-12,29
728,61,61.0,2025-05-12,79
729,61,61.0,2025-05-12,199.00
730,61,61.0,2025-05-12,29
731,61,61.0,2025-05-12,29
732,61,61.0,2025-05-12,29.00
733,61,61.0,2025-05-12,29.00
734,61,61.0,2025-05-12,79
735,61,,2025-05-12,79
736,61,,2025-05-12,79
737,61,61.0,2025-05-12,79
738,61,61.0,2025-05-12,-29
739,61,61.0,2025-05-12,199.00
740,61,61.0,2025-05-12,29.00
741,61,61.0,2025-05-12,29.00
742,61,61.0,2025-05-12,29
743,61,61.0,2025-05-12,79
744,62,62.0,2026-01-26,29.00
745,62,62.0,2026-01-26,29
746,62,62.0,2026-01-26,29
747,62,62.0,2026-01-26,79
748,62,62.0,2026-01-26,199.00
749,62,62.0,2026-01-26,79
750,62,62.0,2026-01-26,29
751,62,62.0,2026-01-26,29.00
752,62,62.0,2026-01-26,79
753,62,62.0,2026-01-26,29
754,62,62.0,2026-01-26,79
755,62,62.0,2026-01-26,-29
756,62,62.0,2026-01-26,29.00
757,62,62.0,2026-01-26,79
758,62,62.0,2026-01-26,79
759,62,62.0,2026-01-26,79
760,62,62.0,2026-01-26,79
761,63,63.0,2025-04-25,199.00
762,63,63.0,2025-04-25,79
763,63,63.0,2025-04-25,79
764,63,63.0,2025-04-25,79
765,63,63.0,2025-04-25,199.00
766,63,63.0,2025-04-25,79
767,63,63.0,2025-04-25,79
768,63,63.0,2025-04-25,199.00
769,63,63.0,2025-04-25,29
770,63,63.0,2025-04-25,29
771,63,63.0,2025-04-25,199.00
772,63,,2025-04-25,29
773,63,63.0,2025-04-25,29
774,63,63.0,2025-04-25,29
775,64,64.0,2026-01-09,29
776,64,64.0,2026-01-09,79
777,64,64.0,2026-01-09,-29
778,64,64.0,2026-01-09,29
779,64,64.0,2026-01-09,29.00
780,64,64.0,2026-01-09,79
781,64,64.0,2026-01-09,29
782,65,65.0,2025-01-15,79
783,65,65.0,2025-01-15,29.00
784,65,65.0,2025-01-15,79
785,65,65.0,2025-01-15,-29
786,65,65.0,2025-01-15,79
787,65,65.0,2025-01-15,79
788,65,65.0,2025-01-15,199.00
789,65,65.0,2025-01-15,29
790,65,65.0,2025-01-15,79
791,65,65.0,2025-01-15,29
792,66,66.0,2025-01-30,79
793,66,66.0,2025-01-30,29
794,66,66.0,2025-01-30,79
795,66,66.0,2025-01-30,-29
796,66,66.0,2025-01-30,199.00
797,66,66.0,2025-01-30,199.00
798,66,66.0,2025-01-30,79
799,66,66.0,2025-01-30,29
800,66,66.0,2025-01-30,199.00
801,66,66.0,2025-01-30,79
802,66,66.0,2025-01-30,79
803,67,67.0,2024-06-13,29
804,67,67.0,2024-06-13,79
805,67,67.0,2024-06-13,29
806,67,67.0,2024-06-13,29
807,67,67.0,2024-06-13,79
808,67,67.0,2024-06-13,79
809,67,67.0,2024-06-13,79
810,67,67.0,2024-06-13,29.00
811,67,67.0,2024-06-13,79
812,67,67.0,2024-06-13,29
813,67,67.0,2024-06-13,79
814,67,67.0,2024-06-13,29
815,67,67.0,2024-06-13,29
816,67,67.0,2024-06-13,29.00
817,68,68.0,2024-12-25,79
818,68,68.0,2024-12-25,79
819,68,68.0,2024-12-25,199.00
820,68,68.0,2024-12-25,199.00
821,68,68.0,2024-12-25,199.00
822,68,68.0,2024-12-25,29.00
823,68,68.0,2024-12-25,79
824,68,68.0,2024-12-25,29.00
825,68,68.0,2024-12-25,-29
826,68,68.0,2024-12-25,29.00
827,68,68.0,2024-12-25,29
828,69,69.0,2025-07-17,29
829,69,69.0,2025-07-17,29
830,69,69.0,2025-07-17,29
831,69,69.0,2025-07-17,199.00
832,69,69.0,2025-07-17,79
833,69,69.0,2025-07-17,79
834,69,69.0,2025-07-17,199.00
835,69,69.0,2025-07-17,79
836,69,69.0,2025-07-17,29
837,69,69.0,2025-07-17,29
838,69,69.0,2025-07-17,79
839,69,69.0,2025-07-17,79
840,69,69.0,2025-07-17,199.00
841,69,69.0,2025-07-17,29.00
842,69,69.0,2025-07-17,29.00
843,70,70.0,2025-04-15,79
844,70,70.0,2025-04-15,79
845,70,70.0,2025-04-15,199.00
846,70,70.0,2025-04-15,79
847,70,70.0,2025-04-15,29
848,70,70.0,2025-04-15,29
849,71,71.0,2026-05-11,79
850,71,71.0,2026-05-11,79
851,71,71.0,2026-05-11,29
852,71,71.0,2026-05-11,29.00
853,71,71.0,2026-05-11,199.00
854,71,71.0,2026-05-11,29
855,71,71.0,2026-05-11,29
856,71,71.0,2026-05-11,29.00
857,71,71.0,2026-05-11,199.00
858,71,71.0,2026-05-11,199.00
859,71,71.0,2026-05-11,29.00
860,71,71.0,2026-05-11,79
861,71,71.0,2026-05-11,79
862,71,71.0,2026-05-11,29
863,72,72.0,2025-10-28,79
864,72,72.0,2025-10-28,199.00
865,72,72.0,2025-10-28,29.00
866,72,72.0,2025-10-28,29.00
867,72,72.0,2025-10-28,79
868,72,72.0,2025-10-28,199.00
869,72,72.0,2025-10-28,199.00
870,72,72.0,2025-10-28,79
871,73,73.0,2024-06-28,-29
872,73,73.0,2024-06-28,199.00
873,73,73.0,2024-06-28,199.00
874,73,73.0,2024-06-28,29
875,73,73.0,2024-06-28,79
876,73,73.0,2024-06-28,29
877,73,73.0,2024-06-28,79
878,73,73.0,2024-06-28,29
879,73,73.0,2024-06-28,29
880,73,73.0,2024-06-28,-29
881,73,,2024-06-28,29.00
882,74,74.0,2024-10-14,29
883,74,74.0,2024-10-14,29
884,74,74.0,2024-10-14,29
885,74,74.0,2024-10-14,29.00
886,74,74.0,2024-10-14,199.00
887,74,74.0,2024-10-14,199.00
888,74,74.0,2024-10-14,29.00
889,74,74.0,2024-10-14,29.00
890,74,74.0,2024-10-14,29
891,74,74.0,2024-10-14,79
892,74,74.0,2024-10-14,29.00
893,74,74.0,2024-10-14,29
894,74,74.0,2024-10-14,29
895,74,74.0,2024-10-14,29.00
896,74,,2024-10-14,29
897,74,74.0,2024-10-14,199.00
898,75,75.0,2025-10-21,79
899,75,75.0,2025-10-21,29
900,75,75.0,2025-10-21,29
901,75,75.0,2025-10-21,79
902,75,75.0,2025-10-21,29
903,75,75.0,2025-10-21,79
904,75,75.0,2025-10-21,-29
905,75,75.0,2025-10-21,29
906,75,75.0,2025-10-21,29.00
907,75,75.0,2025-10-21,29
908,75,75.0,2025-10-21,29.00
909,75,75.0,2025-10-21,79
910,76,76.0,2026-01-20,79
911,76,76.0,2026-01-20,29
912,76,76.0,2026-01-20,79
913,76,,2026-01-20,29
914,76,76.0,2026-01-20,29.00
915,76,76.0,2026-01-20,79
916,76,76.0,2026-01-20,79
917,76,76.0,2026-01-20,79
918,77,77.0,2025-05-16,29
919,77,77.0,2025-05-16,29.00
920,77,77.0,2025-05-16,199.00
921,77,77.0,2025-05-16,199.00
922,77,77.0,2025-05-16,199.00
923,77,77.0,2025-05-16,29.00
924,77,77.0,2025-05-16,79
925,78,78.0,2025-11-25,29
926,78,78.0,2025-11-25,29.00
927,78,78.0,2025-11-25,79
928,78,78.0,2025-11-25,29.00
929,78,78.0,2025-11-25,29
930,78,78.0,2025-11-25,29
931,78,78.0,2025-11-25,79
932,79,79.0,2025-04-16,79
933,79,79.0,2025-04-16,79
934,79,79.0,2025-04-16,29
935,79,79.0,2025-04-16,29
936,79,,2025-04-16,29
937,79,79.0,2025-04-16,29
938,79,79.0,2025-04-16,29.00
939,79,79.0,2025-04-16,29
940,79,79.0,2025-04-16,199.00
941,79,79.0,2025-04-16,29.00
942,79,79.0,2025-04-16,29
943,79,79.0,2025-04-16,29
944,79,79.0,2025-04-16,29.00
945,80,80.0,2024-09-23,29
946,80,,2024-09-23,29
947,80,80.0,2024-09-23,29.00
948,80,80.0,2024-09-23,199.00
949,80,80.0,2024-09-23,79
950,80,80.0,2024-09-23,29.00
951,80,80.0,2024-09-23,29.00
952,80,80.0,2024-09-23,29
953,80,80.0,2024-09-23,199.00
954,80,80.0,2024-09-23,29
955,80,80.0,2024-09-23,199.00
956,80,80.0,2024-09-23,79
957,80,80.0,2024-09-23,29
958,81,81.0,2025-06-02,79
959,81,81.0,2025-06-02,79
960,81,81.0,2025-06-02,29
961,81,81.0,2025-06-02,79
962,81,81.0,2025-06-02,79
963,81,81.0,2025-06-02,29
964,81,81.0,2025-06-02,79
965,81,81.0,2025-06-02,29
966,81,81.0,2025-06-02,29.00
967,82,82.0,2025-12-06,79
968,82,82.0,2025-12-06,79
969,82,82.0,2025-12-06,79
970,82,82.0,2025-12-06,29
971,82,82.0,2025-12-06,29
972,82,82.0,2025-12-06,29
973,82,82.0,2025-12-06,29.00
974,82,82.0,2025-12-06,29
975,83,83.0,2025-01-15,79
976,83,83.0,2025-01-15,79
977,83,83.0,2025-01-15,29.00
978,83,83.0,2025-01-15,29.00
979,83,83.0,2025-01-15,29
980,83,83.0,2025-01-15,29
981,84,84.0,2024-10-14,29.00
982,84,84.0,2024-10-14,29.00
983,84,84.0,2024-10-14,29
984,84,84.0,2024-10-14,29
985,84,84.0,2024-10-14,199.00
986,84,84.0,2024-10-14,199.00
987,84,84.0,2024-10-14,29.00
988,85,85.0,2024-10-14,29
989,85,85.0,2024-10-14,79
990,85,85.0,2024-10-14,29.00
991,85,85.0,2024-10-14,79
992,85,85.0,2024-10-14,79
993,85,85.0,2024-10-14,199.00
994,85,85.0,2024-10-14,79
995,85,85.0,2024-10-14,29
996,85,85.0,2024-10-14,29
997,85,85.0,2024-10-14,29
998,85,85.0,2024-10-14,79
999,85,85.0,2024-10-14,29.00
1000,85,85.0,2024-10-14,199.00
1001,85,85.0,2024-10-14,199.00
1002,85,85.0,2024-10-14,29.00
1003,85,85.0,2024-10-14,79
1004,86,86.0,2024-09-18,79
1005,86,86.0,2024-09-18,29
1006,86,86.0,2024-09-18,199.00
1007,86,86.0,2024-09-18,29.00
1008,86,86.0,2024-09-18,79
1009,86,86.0,2024-09-18,29
1010,86,86.0,2024-09-18,-29
1011,86,86.0,2024-09-18,29
1012,86,86.0,2024-09-18,29.00
1013,87,87.0,2026-04-29,29.00
1014,87,87.0,2026-04-29,29
1015,87,87.0,2026-04-29,29
1016,87,87.0,2026-04-29,79
1017,87,87.0,2026-04-29,29
1018,87,87.0,2026-04-29,79
1019,88,88.0,2025-04-16,79
1020,88,88.0,2025-04-16,29
1021,88,88.0,2025-04-16,29.00
1022,88,88.0,2025-04-16,29
1023,88,88.0,2025-04-16,199.00
1024,88,88.0,2025-04-16,79
1025,88,88.0,2025-04-16,79
1026,88,88.0,2025-04-16,79
1027,88,88.0,2025-04-16,29.00
1028,88,88.0,2025-04-16,199.00
1029,88,88.0,2025-04-16,199.00
1030,88,88.0,2025-04-16,29
1031,88,88.0,2025-04-16,29.00
1032,88,88.0,2025-04-16,29
1033,88,88.0,2025-04-16,79
1034,88,88.0,2025-04-16,79
1035,88,88.0,2025-04-16,79
1036,89,89.0,2025-04-20,79
1037,89,89.0,2025-04-20,-29
1038,89,89.0,2025-04-20,29
1039,89,89.0,2025-04-20,79
1040,89,89.0,2025-04-20,29
1041,89,89.0,2025-04-20,79
1042,89,89.0,2025-04-20,199.00
1043,89,89.0,2025-04-20,29.00
1044,90,90.0,2025-08-11,29
1045,90,90.0,2025-08-11,79
1046,90,,2025-08-11,29.00
1047,90,90.0,2025-08-11,29
1048,90,90.0,2025-08-11,79
1049,90,90.0,2025-08-11,29.00
1050,90,90.0,2025-08-11,29
1051,90,90.0,2025-08-11,79
1052,90,90.0,2025-08-11,29
1053,90,90.0,2025-08-11,29.00
1054,90,90.0,2025-08-11,29.00
1055,90,90.0,2025-08-11,79
1056,90,90.0,2025-08-11,79
1057,90,90.0,2025-08-11,199.00
1058,90,90.0,2025-08-11,79
1059,90,90.0,2025-08-11,29.00
1060,91,91.0,2025-08-06,199.00
1061,91,91.0,2025-08-06,29.00
1062,91,91.0,2025-08-06,199.00
1063,91,91.0,2025-08-06,79
1064,91,91.0,2025-08-06,79
1065,91,91.0,2025-08-06,79
1066,91,91.0,2025-08-06,29.00
1067,91,91.0,2025-08-06,79
1068,91,91.0,2025-08-06,29.00
1069,91,91.0,2025-08-06,79
1070,91,91.0,2025-08-06,29
1071,91,91.0,2025-08-06,79
1072,91,,2025-08-06,79
1073,91,91.0,2025-08-06,199.00
1074,92,92.0,2025-02-11,29.00
1075,92,92.0,2025-02-11,29
1076,92,92.0,2025-02-11,29
1077,92,92.0,2025-02-11,29
1078,92,92.0,2025-02-11,199.00
1079,92,92.0,2025-02-11,29
1080,92,92.0,2025-02-11,79
1081,92,92.0,2025-02-11,29
1082,93,93.0,2025-07-03,79
1083,93,93.0,2025-07-03,29
1084,93,93.0,2025-07-03,29
1085,93,93.0,2025-07-03,199.00
1086,93,93.0,2025-07-03,29.00
1087,93,93.0,2025-07-03,79
1088,93,93.0,2025-07-03,199.00
1089,93,93.0,2025-07-03,29.00
1090,93,93.0,2025-07-03,79
1091,93,93.0,2025-07-03,29
1092,93,93.0,2025-07-03,29.00
1093,93,93.0,2025-07-03,79
1094,93,93.0,2025-07-03,-29
1095,93,93.0,2025-07-03,29.00
1096,93,93.0,2025-07-03,79
1097,93,93.0,2025-07-03,29.00
1098,93,93.0,2025-07-03,79
1099,94,94.0,2025-07-01,79
1100,94,94.0,2025-07-01,79
1101,94,94.0,2025-07-01,29.00
1102,94,94.0,2025-07-01,199.00
1103,94,94.0,2025-07-01,29
1104,94,94.0,2025-07-01,29.00
1105,94,94.0,2025-07-01,199.00
1106,94,94.0,2025-07-01,-29
1107,94,94.0,2025-07-01,-29
1108,94,94.0,2025-07-01,199.00
1109,94,94.0,2025-07-01,29.00
1110,95,95.0,2025-10-21,79
1111,95,95.0,2025-10-21,29.00
1112,95,95.0,2025-10-21,79
1113,95,95.0,2025-10-21,79
1114,95,95.0,2025-10-21,29
1115,95,95.0,2025-10-21,29
1116,95,95.0,2025-10-21,29
1117,95,95.0,2025-10-21,29
1118,95,95.0,2025-10-21,199.00
1119,95,95.0,2025-10-21,29.00
1120,95,95.0,2025-10-21,29
1121,95,95.0,2025-10-21,79
1122,96,96.0,2026-03-22,79
1123,96,96.0,2026-03-22,79
1124,96,96.0,2026-03-22,79
1125,96,96.0,2026-03-22,29.00
1126,96,96.0,2026-03-22,199.00
1127,96,96.0,2026-03-22,199.00
1128,96,96.0,2026-03-22,29.00
1129,96,96.0,2026-03-22,29.00
1130,96,96.0,2026-03-22,199.00
1131,96,96.0,2026-03-22,29.00
1132,96,96.0,2026-03-22,199.00
1133,96,96.0,2026-03-22,199.00
1134,96,96.0,2026-03-22,29
1135,96,96.0,2026-03-22,79
1136,96,96.0,2026-03-22,199.00
1137,96,96.0,2026-03-22,29
1138,97,97.0,2025-02-20,29
1139,97,97.0,2025-02-20,29.00
1140,97,97.0,2025-02-20,79
1141,97,97.0,2025-02-20,79
1142,97,97.0,2025-02-20,29.00
1143,97,97.0,2025-02-20,199.00
1144,97,97.0,2025-02-20,-29
1145,97,97.0,2025-02-20,29.00
1146,97,97.0,2025-02-20,29
1147,97,97.0,2025-02-20,79
1148,97,97.0,2025-02-20,-29
1149,97,,2025-02-20,199.00
1150,97,97.0,2025-02-20,29
1151,97,97.0,2025-02-20,29
1152,98,98.0,2026-04-28,29.00
1153,98,98.0,2026-04-28,29
1154,98,98.0,2026-04-28,29
1155,98,98.0,2026-04-28,79
1156,98,98.0,2026-04-28,199.00
1157,98,98.0,2026-04-28,79
1158,98,98.0,2026-04-28,-29
1159,98,98.0,2026-04-28,29.00
1160,98,98.0,2026-04-28,79
1161,98,98.0,2026-04-28,199.00
1162,99,99.0,2025-11-13,29
1163,99,99.0,2025-11-13,29
1164,99,99.0,2025-11-13,79
1165,99,99.0,2025-11-13,79
1166,99,99.0,2025-11-13,199.00
1167,99,99.0,2025-11-13,199.00
1168,99,99.0,2025-11-13,79
1169,99,99.0,2025-11-13,29
1170,99,99.0,2025-11-13,29
1171,99,99.0,2025-11-13,29.00
1172,99,99.0,2025-11-13,79
1173,99,99.0,2025-11-13,79
1174,99,99.0,2025-11-13,79
1175,99,,2025-11-13,79
1176,99,99.0,2025-11-13,199.00
1177,100,100.0,2026-04-21,29
1178,100,100.0,2026-04-21,199.00
1179,100,100.0,2026-04-21,29.00
1180,100,100.0,2026-04-21,29
1181,100,100.0,2026-04-21,29.00
1182,100,100.0,2026-04-21,29
1183,100,100.0,2026-04-21,199.00
1184,100,100.0,2026-04-21,-29
1185,101,101.0,2026-01-08,79
1186,101,101.0,2026-01-08,199.00
1187,101,101.0,2026-01-08,29.00
1188,101,101.0,2026-01-08,79
1189,101,101.0,2026-01-08,79
1190,101,101.0,2026-01-08,29.00
1191,101,101.0,2026-01-08,29
1192,101,101.0,2026-01-08,29
1193,101,101.0,2026-01-08,79
1194,101,101.0,2026-01-08,79
1195,101,101.0,2026-01-08,199.00
1196,102,102.0,2025-05-01,79
1197,102,102.0,2025-05-01,199.00
1198,102,102.0,2025-05-01,199.00
1199,102,102.0,2025-05-01,199.00
1200,102,102.0,2025-05-01,199.00
1201,102,102.0,2025-05-01,199.00
1202,102,102.0,2025-05-01,199.00
1203,103,103.0,2025-02-09,79
1204,103,103.0,2025-02-09,29
1205,103,103.0,2025-02-09,79
1206,103,103.0,2025-02-09,29
1207,103,103.0,2025-02-09,29
1208,103,103.0,2025-02-09,29.00
1209,103,103.0,2025-02-09,29.00
1210,103,103.0,2025-02-09,79
1211,104,104.0,2024-09-24,199.00
1212,104,104.0,2024-09-24,79
1213,104,104.0,2024-09-24,29
1214,104,104.0,2024-09-24,199.00
1215,104,104.0,2024-09-24,29.00
1216,104,104.0,2024-09-24,29
1217,104,104.0,2024-09-24,29.00
1218,104,104.0,2024-09-24,79
1219,104,104.0,2024-09-24,29
1220,104,104.0,2024-09-24,199.00
1221,104,104.0,2024-09-24,199.00
1222,104,104.0,2024-09-24,79
1223,104,104.0,2024-09-24,29.00
1224,105,105.0,2026-05-14,29
1225,105,105.0,2026-05-14,79
1226,105,105.0,2026-05-14,29.00
1227,105,105.0,2026-05-14,79
1228,105,105.0,2026-05-14,199.00
1229,105,105.0,2026-05-14,79
1230,105,105.0,2026-05-14,79
1231,106,106.0,2025-06-08,79
1232,106,106.0,2025-06-08,79
1233,106,106.0,2025-06-08,199.00
1234,106,106.0,2025-06-08,29.00
1235,106,106.0,2025-06-08,79
1236,106,106.0,2025-06-08,79
1237,106,106.0,2025-06-08,199.00
1238,106,106.0,2025-06-08,29
1239,106,106.0,2025-06-08,29.00
1240,106,106.0,2025-06-08,199.00
1241,106,106.0,2025-06-08,79
1242,106,106.0,2025-06-08,79
1243,106,106.0,2025-06-08,79
1244,106,106.0,2025-06-08,199.00
1245,107,107.0,2025-01-22,29
1246,107,107.0,2025-01-22,79
1247,107,107.0,2025-01-22,79
1248,107,107.0,2025-01-22,79
1249,107,107.0,2025-01-22,29
1250,107,107.0,2025-01-22,29.00
1251,107,107.0,2025-01-22,29
1252,107,107.0,2025-01-22,29
1253,107,107.0,2025-01-22,29
1254,107,107.0,2025-01-22,79
1255,107,107.0,2025-01-22,29
1256,107,107.0,2025-01-22,79
1257,107,107.0,2025-01-22,79
1258,107,107.0,2025-01-22,199.00
1259,107,107.0,2025-01-22,79
1260,107,107.0,2025-01-22,199.00
1261,107,107.0,2025-01-22,29
1262,108,108.0,2025-06-10,199.00
1263,108,108.0,2025-06-10,79
1264,108,108.0,2025-06-10,199.00
1265,108,108.0,2025-06-10,29.00
1266,108,108.0,2025-06-10,29.00
1267,108,108.0,2025-06-10,29
1268,108,108.0,2025-06-10,29.00
1269,108,108.0,2025-06-10,29
1270,108,108.0,2025-06-10,29.00
1271,108,108.0,2025-06-10,79
1272,108,108.0,2025-06-10,79
1273,108,108.0,2025-06-10,79
1274,108,108.0,2025-06-10,199.00
1275,108,108.0,2025-06-10,29.00
1276,108,108.0,2025-06-10,29.00
1277,108,108.0,2025-06-10,29
1278,109,109.0,2025-10-21,29
1279,109,109.0,2025-10-21,79
1280,109,109.0,2025-10-21,-29
1281,109,109.0,2025-10-21,79
1282,109,109.0,2025-10-21,79
1283,109,109.0,2025-10-21,29
1284,109,109.0,2025-10-21,29
1285,109,109.0,2025-10-21,-29
1286,109,109.0,2025-10-21,29
1287,109,109.0,2025-10-21,79
1288,109,109.0,2025-10-21,29.00
1289,110,110.0,2025-02-01,29
1290,110,110.0,2025-02-01,29.00
1291,110,110.0,2025-02-01,29
1292,110,110.0,2025-02-01,199.00
1293,110,110.0,2025-02-01,29
1294,110,110.0,2025-02-01,79
1295,110,110.0,2025-02-01,29
1296,110,110.0,2025-02-01,79
1297,110,110.0,2025-02-01,29
1298,110,,2025-02-01,79
1299,110,,2025-02-01,199.00
1300,110,110.0,2025-02-01,199.00
1301,110,110.0,2025-02-01,79
1302,110,110.0,2025-02-01,29
1303,110,110.0,2025-02-01,199.00
1304,110,110.0,2025-02-01,79
1305,111,111.0,2024-11-04,29.00
1306,111,111.0,2024-11-04,79
1307,111,111.0,2024-11-04,29
1308,111,111.0,2024-11-04,199.00
1309,111,111.0,2024-11-04,29
1310,111,111.0,2024-11-04,29
1311,111,111.0,2024-11-04,79
1312,111,111.0,2024-11-04,29
1313,111,111.0,2024-11-04,199.00
1314,111,111.0,2024-11-04,199.00
1315,111,111.0,2024-11-04,29.00
1316,111,111.0,2024-11-04,29.00
1317,111,111.0,2024-11-04,79
1318,111,111.0,2024-11-04,79
1319,112,112.0,2026-02-05,29
1320,112,112.0,2026-02-05,29
1321,112,112.0,2026-02-05,29.00
1322,112,112.0,2026-02-05,29.00
1323,112,112.0,2026-02-05,79
1324,112,112.0,2026-02-05,29.00
1325,112,112.0,2026-02-05,29
1326,112,112.0,2026-02-05,29
1327,112,112.0,2026-02-05,199.00
1328,112,112.0,2026-02-05,29
1329,113,113.0,2025-02-10,29
1330,113,113.0,2025-02-10,199.00
1331,113,113.0,2025-02-10,29.00
1332,113,113.0,2025-02-10,199.00
1333,113,113.0,2025-02-10,29
1334,113,113.0,2025-02-10,199.00
1335,113,113.0,2025-02-10,79
1336,113,113.0,2025-02-10,29
1337,113,113.0,2025-02-10,79
1338,113,113.0,2025-02-10,29
1339,113,113.0,2025-02-10,79
1340,114,114.0,2024-06-15,29
1341,114,114.0,2024-06-15,79
1342,114,114.0,2024-06-15,29.00
1343,114,114.0,2024-06-15,79
1344,114,114.0,2024-06-15,199.00
1345,114,114.0,2024-06-15,29
1346,114,114.0,2024-06-15,29
1347,114,114.0,2024-06-15,199.00
1348,114,114.0,2024-06-15,29
1349,114,114.0,2024-06-15,29
1350,114,114.0,2024-06-15,29
1351,114,114.0,2024-06-15,29
1352,115,115.0,2025-10-22,199.00
1353,115,115.0,2025-10-22,29
1354,115,115.0,2025-10-22,29.00
1355,115,115.0,2025-10-22,29
1356,115,115.0,2025-10-22,-29
1357,115,115.0,2025-10-22,79
1358,115,115.0,2025-10-22,199.00
1359,115,115.0,2025-10-22,29.00
1360,115,115.0,2025-10-22,29
1361,115,115.0,2025-10-22,29
1362,115,115.0,2025-10-22,79
1363,115,115.0,2025-10-22,199.00
1364,116,116.0,2024-10-24,199.00
1365,116,116.0,2024-10-24,29.00
1366,116,116.0,2024-10-24,29.00
1367,116,116.0,2024-10-24,79
1368,116,116.0,2024-10-24,199.00
1369,116,116.0,2024-10-24,29
1370,116,116.0,2024-10-24,79
1371,116,116.0,2024-10-24,79
1372,117,117.0,2025-12-21,199.00
1373,117,117.0,2025-12-21,79
1374,117,,2025-12-21,79
1375,117,117.0,2025-12-21,79
1376,117,117.0,2025-12-21,79
1377,117,117.0,2025-12-21,29.00
1378,117,117.0,2025-12-21,29
1379,117,117.0,2025-12-21,29
1380,118,118.0,2025-07-23,199.00
1381,118,118.0,2025-07-23,29
1382,118,118.0,2025-07-23,79
1383,118,118.0,2025-07-23,79
1384,118,118.0,2025-07-23,199.00
1385,118,118.0,2025-07-23,29
1386,118,118.0,2025-07-23,29
1387,118,,2025-07-23,79
1388,118,118.0,2025-07-23,199.00
1389,118,118.0,2025-07-23,29
1390,118,118.0,2025-07-23,29.00
1391,118,118.0,2025-07-23,29
1392,118,118.0,2025-07-23,79
1393,118,118.0,2025-07-23,79
1394,118,118.0,2025-07-23,199.00
1395,118,118.0,2025-07-23,79
1396,118,118.0,2025-07-23,29
1397,118,118.0,2025-07-23,29
1398,119,119.0,2025-09-11,29
1399,119,119.0,2025-09-11,199.00
1400,119,119.0,2025-09-11,79
1401,119,119.0,2025-09-11,79
1402,119,119.0,2025-09-11,29
1403,119,119.0,2025-09-11,29
1404,119,119.0,2025-09-11,79
1405,119,119.0,2025-09-11,29
1406,119,119.0,2025-09-11,79
1407,119,119.0,2025-09-11,79
1408,119,119.0,2025-09-11,199.00
1409,119,119.0,2025-09-11,29.00
1410,119,119.0,2025-09-11,29.00
1411,119,119.0,2025-09-11,79
1412,119,119.0,2025-09-11,79
1413,119,119.0,2025-09-11,79
1414,120,120.0,2025-01-25,29
1415,120,120.0,2025-01-25,29
1416,120,120.0,2025-01-25,29.00
1417,120,120.0,2025-01-25,29
1418,120,120.0,2025-01-25,199.00
1419,120,120.0,2025-01-25,29
1420,120,120.0,2025-01-25,29.00
1421,120,120.0,2025-01-25,79
1422,121,121.0,2025-02-12,29
1423,121,121.0,2025-02-12,29
1424,121,121.0,2025-02-12,79
1425,121,121.0,2025-02-12,199.00
1426,121,121.0,2025-02-12,79
1427,121,121.0,2025-02-12,79
1428,121,121.0,2025-02-12,29
1429,121,121.0,2025-02-12,79
1430,121,121.0,2025-02-12,199.00
1431,121,121.0,2025-02-12,79
1432,121,121.0,2025-02-12,29
1433,121,121.0,2025-02-12,29
1434,121,121.0,2025-02-12,29
1435,121,121.0,2025-02-12,79
1436,122,122.0,2025-03-28,199.00
1437,122,122.0,2025-03-28,199.00
1438,122,122.0,2025-03-28,29
1439,122,122.0,2025-03-28,29.00
1440,122,122.0,2025-03-28,29
1441,122,,2025-03-28,199.00
1442,122,122.0,2025-03-28,79
1443,122,122.0,2025-03-28,29
1444,122,122.0,2025-03-28,79
1445,122,122.0,2025-03-28,79
1446,122,122.0,2025-03-28,79
1447,122,122.0,2025-03-28,79
1448,122,122.0,2025-03-28,79
1449,122,122.0,2025-03-28,29.00
1450,122,122.0,2025-03-28,79
1451,122,122.0,2025-03-28,29
1452,122,122.0,2025-03-28,29
1453,123,123.0,2026-04-11,29
1454,123,123.0,2026-04-11,29
1455,123,123.0,2026-04-11,79
1456,123,123.0,2026-04-11,79
1457,123,123.0,2026-04-11,29.00
1458,123,123.0,2026-04-11,29
1459,123,123.0,2026-04-11,79
1460,123,123.0,2026-04-11,29.00
1461,123,123.0,2026-04-11,79
1462,124,124.0,2024-11-25,79
1463,124,124.0,2024-11-25,79
1464,124,124.0,2024-11-25,29.00
1465,124,124.0,2024-11-25,79
1466,124,124.0,2024-11-25,199.00
1467,124,124.0,2024-11-25,79
1468,124,124.0,2024-11-25,-29
1469,124,124.0,2024-11-25,199.00
1470,124,124.0,2024-11-25,79
1471,124,124.0,2024-11-25,29
1472,124,124.0,2024-11-25,79
1473,124,124.0,2024-11-25,29
1474,124,124.0,2024-11-25,199.00
1475,124,124.0,2024-11-25,199.00
1476,124,124.0,2024-11-25,199.00
1477,124,124.0,2024-11-25,29
1478,124,124.0,2024-11-25,29
1479,124,124.0,2024-11-25,29
1480,125,125.0,2025-05-11,29.00
1481,125,125.0,2025-05-11,199.00
1482,125,125.0,2025-05-11,199.00
1483,125,125.0,2025-05-11,29.00
1484,125,125.0,2025-05-11,79
1485,125,125.0,2025-05-11,79
1486,125,125.0,2025-05-11,29
1487,125,125.0,2025-05-11,199.00
1488,125,125.0,2025-05-11,29.00
1489,125,125.0,2025-05-11,199.00
1490,125,125.0,2025-05-11,-29
1491,125,125.0,2025-05-11,29
1492,126,126.0,2024-07-31,79
1493,126,126.0,2024-07-31,79
1494,126,126.0,2024-07-31,199.00
1495,126,126.0,2024-07-31,79
1496,126,126.0,2024-07-31,29
1497,126,126.0,2024-07-31,29.00
1498,126,126.0,2024-07-31,29
1499,126,126.0,2024-07-31,-29
1500,126,126.0,2024-07-31,29.00
1501,126,126.0,2024-07-31,29
1502,126,126.0,2024-07-31,79
1503,126,126.0,2024-07-31,29
1504,126,126.0,2024-07-31,79
1505,126,126.0,2024-07-31,79
1506,127,127.0,2024-11-26,29.00
1507,127,127.0,2024-11-26,29.00
1508,127,127.0,2024-11-26,79
1509,127,127.0,2024-11-26,29
1510,127,127.0,2024-11-26,29
1511,127,127.0,2024-11-26,29.00
1512,127,127.0,2024-11-26,79
1513,127,127.0,2024-11-26,79
1514,127,127.0,2024-11-26,29.00
1515,127,127.0,2024-11-26,29.00
1516,127,127.0,2024-11-26,29.00
1517,127,,2024-11-26,29.00
1518,128,128.0,2025-01-30,79
1519,128,128.0,2025-01-30,29
1520,128,128.0,2025-01-30,29.00
1521,128,128.0,2025-01-30,29
1522,128,128.0,2025-01-30,29
1523,128,128.0,2025-01-30,29
1524,128,128.0,2025-01-30,79
1525,128,128.0,2025-01-30,199.00
1526,128,128.0,2025-01-30,199.00
1527,128,128.0,2025-01-30,29.00
1528,129,129.0,2024-06-12,199.00
1529,129,129.0,2024-06-12,79
1530,129,129.0,2024-06-12,29
1531,129,129.0,2024-06-12,199.00
1532,129,,2024-06-12,199.00
1533,129,129.0,2024-06-12,29
1534,129,129.0,2024-06-12,-29
1535,129,129.0,2024-06-12,199.00
1536,129,129.0,2024-06-12,29
1537,129,129.0,2024-06-12,79
1538,129,129.0,2024-06-12,199.00
1539,129,129.0,2024-06-12,29.00
1540,129,129.0,2024-06-12,29.00
1541,129,129.0,2024-06-12,79
1542,129,129.0,2024-06-12,79
1543,129,129.0,2024-06-12,79
1544,130,130.0,2025-02-02,29
1545,130,130.0,2025-02-02,79
1546,130,130.0,2025-02-02,199.00
1547,130,130.0,2025-02-02,79
1548,130,130.0,2025-02-02,29
1549,130,130.0,2025-02-02,29
1550,130,130.0,2025-02-02,199.00
1551,130,130.0,2025-02-02,29
1552,130,130.0,2025-02-02,79
1553,130,130.0,2025-02-02,199.00
1554,130,130.0,2025-02-02,29.00
1555,130,130.0,2025-02-02,79
1556,130,130.0,2025-02-02,79
1557,130,130.0,2025-02-02,79
1558,131,131.0,2024-11-29,29
1559,131,131.0,2024-11-29,79
1560,131,131.0,2024-11-29,79
1561,131,131.0,2024-11-29,29
1562,131,131.0,2024-11-29,199.00
1563,131,131.0,2024-11-29,29.00
1564,131,131.0,2024-11-29,29
1565,131,131.0,2024-11-29,29
1566,131,131.0,2024-11-29,79
1567,132,132.0,2026-04-18,29
1568,132,132.0,2026-04-18,29
1569,132,132.0,2026-04-18,29
1570,132,132.0,2026-04-18,79
1571,132,132.0,2026-04-18,29.00
1572,132,132.0,2026-04-18,79
1573,132,132.0,2026-04-18,29
1574,132,132.0,2026-04-18,199.00
1575,132,132.0,2026-04-18,29
1576,132,132.0,2026-04-18,79
1577,132,132.0,2026-04-18,79
1578,132,132.0,2026-04-18,29
1579,132,132.0,2026-04-18,29
1580,132,132.0,2026-04-18,199.00
1581,133,133.0,2025-01-24,79
1582,133,133.0,2025-01-24,79
1583,133,133.0,2025-01-24,199.00
1584,133,133.0,2025-01-24,29
1585,133,133.0,2025-01-24,-29
1586,133,133.0,2025-01-24,29.00
1587,133,133.0,2025-01-24,199.00
1588,133,133.0,2025-01-24,79
1589,133,133.0,2025-01-24,29.00
1590,133,133.0,2025-01-24,29.00
1591,133,133.0,2025-01-24,79
1592,133,133.0,2025-01-24,29
1593,134,134.0,2025-08-22,29
1594,134,134.0,2025-08-22,199.00
1595,134,134.0,2025-08-22,29
1596,134,134.0,2025-08-22,199.00
1597,134,134.0,2025-08-22,29
1598,134,134.0,2025-08-22,79
1599,134,134.0,2025-08-22,29.00
1600,134,134.0,2025-08-22,29
1601,134,134.0,2025-08-22,29
1602,134,134.0,2025-08-22,79
1603,134,134.0,2025-08-22,199.00
1604,134,134.0,2025-08-22,199.00
1605,134,134.0,2025-08-22,79
1606,134,134.0,2025-08-22,79
1607,134,134.0,2025-08-22,29.00
1608,134,134.0,2025-08-22,199.00
1609,134,134.0,2025-08-22,29
1610,135,135.0,2025-02-13,79
1611,135,135.0,2025-02-13,79
1612,135,135.0,2025-02-13,199.00
1613,135,135.0,2025-02-13,29
1614,135,135.0,2025-02-13,79
1615,135,135.0,2025-02-13,79
1616,135,135.0,2025-02-13,29
1617,135,135.0,2025-02-13,29
1618,135,135.0,2025-02-13,79
1619,135,135.0,2025-02-13,29.00
1620,135,135.0,2025-02-13,199.00
1621,135,135.0,2025-02-13,29
1622,135,135.0,2025-02-13,29.00
1623,136,136.0,2024-12-25,79
1624,136,136.0,2024-12-25,199.00
1625,136,136.0,2024-12-25,79
1626,136,136.0,2024-12-25,79
1627,136,136.0,2024-12-25,199.00
1628,136,136.0,2024-12-25,199.00
1629,136,136.0,2024-12-25,29
1630,136,136.0,2024-12-25,79
1631,136,136.0,2024-12-25,29
1632,136,136.0,2024-12-25,199.00
1633,137,137.0,2026-04-23,199.00
1634,137,137.0,2026-04-23,79
1635,137,137.0,2026-04-23,29
1636,137,137.0,2026-04-23,29
1637,137,137.0,2026-04-23,79
1638,137,137.0,2026-04-23,29
1639,137,137.0,2026-04-23,29
1640,137,137.0,2026-04-23,29
1641,137,137.0,2026-04-23,199.00
1642,137,137.0,2026-04-23,79
1643,138,138.0,2025-06-15,29
1644,138,138.0,2025-06-15,79
1645,138,138.0,2025-06-15,79
1646,138,138.0,2025-06-15,199.00
1647,138,138.0,2025-06-15,79
1648,138,138.0,2025-06-15,79
1649,138,138.0,2025-06-15,29.00
1650,138,138.0,2025-06-15,199.00
1651,138,138.0,2025-06-15,29
1652,138,138.0,2025-06-15,29.00
1653,138,138.0,2025-06-15,29.00
1654,138,138.0,2025-06-15,29.00
1655,138,138.0,2025-06-15,199.00
1656,138,138.0,2025-06-15,29.00
1657,139,139.0,2024-09-16,199.00
1658,139,139.0,2024-09-16,199.00
1659,139,139.0,2024-09-16,29
1660,139,139.0,2024-09-16,79
1661,139,139.0,2024-09-16,79
1662,139,139.0,2024-09-16,-29
1663,139,139.0,2024-09-16,79
1664,139,139.0,2024-09-16,79
1665,139,139.0,2024-09-16,79
1666,139,139.0,2024-09-16,29.00
1667,139,139.0,2024-09-16,29
1668,139,139.0,2024-09-16,29.00
1669,139,139.0,2024-09-16,29.00
1670,140,140.0,2026-03-05,29
1671,140,140.0,2026-03-05,79
1672,140,140.0,2026-03-05,199.00
1673,140,140.0,2026-03-05,79
1674,140,140.0,2026-03-05,79
1675,140,140.0,2026-03-05,199.00
1676,140,140.0,2026-03-05,79
1677,140,140.0,2026-03-05,29.00
1678,140,140.0,2026-03-05,199.00
1679,140,140.0,2026-03-05,199.00
1680,140,140.0,2026-03-05,79
1681,140,140.0,2026-03-05,29
1682,140,140.0,2026-03-05,79
1683,140,140.0,2026-03-05,29.00
1684,140,140.0,2026-03-05,29
1685,140,140.0,2026-03-05,79
1686,140,140.0,2026-03-05,29.00
1687,141,141.0,2025-10-14,199.00
1688,141,141.0,2025-10-14,29
1689,141,141.0,2025-10-14,199.00
1690,141,141.0,2025-10-14,29
1691,141,141.0,2025-10-14,199.00
1692,141,141.0,2025-10-14,79
1693,141,141.0,2025-10-14,79
1694,141,141.0,2025-10-14,79
1695,141,141.0,2025-10-14,29
1696,141,141.0,2025-10-14,29.00
1697,141,141.0,2025-10-14,199.00
1698,141,141.0,2025-10-14,199.00
1699,141,141.0,2025-10-14,199.00
1700,141,141.0,2025-10-14,-29
1701,141,141.0,2025-10-14,29
1702,142,142.0,2025-08-18,29.00
1703,142,142.0,2025-08-18,79
1704,142,142.0,2025-08-18,29
1705,142,142.0,2025-08-18,79
1706,142,142.0,2025-08-18,29.00
1707,142,142.0,2025-08-18,199.00
1708,142,142.0,2025-08-18,29
1709,142,142.0,2025-08-18,29
1710,142,142.0,2025-08-18,29
1711,143,143.0,2024-07-23,199.00
1712,143,143.0,2024-07-23,29
1713,143,143.0,2024-07-23,79
1714,143,143.0,2024-07-23,79
1715,143,143.0,2024-07-23,29
1716,143,143.0,2024-07-23,79
1717,143,143.0,2024-07-23,29.00
1718,143,143.0,2024-07-23,199.00
1719,143,143.0,2024-07-23,29
1720,143,143.0,2024-07-23,199.00
1721,143,143.0,2024-07-23,29
1722,143,143.0,2024-07-23,79
1723,143,143.0,2024-07-23,79
1724,144,144.0,2025-12-08,29.00
1725,144,144.0,2025-12-08,29
1726,144,144.0,2025-12-08,29
1727,144,144.0,2025-12-08,79
1728,144,144.0,2025-12-08,29
1729,144,144.0,2025-12-08,-29
1730,144,144.0,2025-12-08,29
1731,144,144.0,2025-12-08,29
1732,144,144.0,2025-12-08,29
1733,144,144.0,2025-12-08,79
1734,144,144.0,2025-12-08,29
1735,144,144.0,2025-12-08,29
1736,144,144.0,2025-12-08,79
1737,144,144.0,2025-12-08,79
1738,144,144.0,2025-12-08,79
1739,145,145.0,2025-12-25,29
1740,145,145.0,2025-12-25,79
1741,145,145.0,2025-12-25,199.00
1742,145,145.0,2025-12-25,29
1743,145,145.0,2025-12-25,29
1744,145,145.0,2025-12-25,79
1745,145,145.0,2025-12-25,79
1746,145,145.0,2025-12-25,29
1747,145,145.0,2025-12-25,29
1748,145,145.0,2025-12-25,29.00
1749,145,145.0,2025-12-25,29
1750,145,145.0,2025-12-25,29
1751,145,145.0,2025-12-25,29.00
1752,145,145.0,2025-12-25,29
1753,146,146.0,2025-08-31,199.00
1754,146,146.0,2025-08-31,29
1755,146,146.0,2025-08-31,79
1756,146,146.0,2025-08-31,199.00
1757,146,146.0,2025-08-31,79
1758,146,146.0,2025-08-31,29
1759,146,146.0,2025-08-31,29
1760,146,146.0,2025-08-31,29
1761,146,146.0,2025-08-31,-29
1762,146,146.0,2025-08-31,199.00
1763,146,146.0,2025-08-31,29.00
1764,146,146.0,2025-08-31,79
1765,146,,2025-08-31,29.00
1766,147,147.0,2026-03-09,79
1767,147,147.0,2026-03-09,29.00
1768,147,147.0,2026-03-09,79
1769,147,147.0,2026-03-09,79
1770,147,147.0,2026-03-09,29
1771,147,147.0,2026-03-09,199.00
1772,147,147.0,2026-03-09,29
1773,147,147.0,2026-03-09,79
1774,147,147.0,2026-03-09,199.00
1775,148,148.0,2025-02-16,199.00
1776,148,148.0,2025-02-16,79
1777,148,148.0,2025-02-16,199.00
1778,148,148.0,2025-02-16,199.00
1779,148,148.0,2025-02-16,79
1780,148,148.0,2025-02-16,79
1781,148,148.0,2025-02-16,29.00
1782,148,148.0,2025-02-16,29
1783,148,148.0,2025-02-16,79
1784,148,148.0,2025-02-16,29.00
1785,148,148.0,2025-02-16,79
1786,148,148.0,2025-02-16,199.00
1787,148,148.0,2025-02-16,199.00
1788,148,148.0,2025-02-16,79
1789,148,148.0,2025-02-16,79
1790,148,148.0,2025-02-16,79
1791,148,148.0,2025-02-16,199.00
1792,149,149.0,2026-03-07,199.00
1793,149,149.0,2026-03-07,29
1794,149,149.0,2026-03-07,79
1795,149,149.0,2026-03-07,29
1796,149,149.0,2026-03-07,29.00
1797,149,149.0,2026-03-07,79
1798,149,149.0,2026-03-07,79
1799,149,149.0,2026-03-07,29
1800,149,149.0,2026-03-07,79
1801,149,149.0,2026-03-07,29
1802,149,149.0,2026-03-07,79
1803,149,149.0,2026-03-07,79
1804,149,149.0,2026-03-07,29
1805,149,149.0,2026-03-07,199.00
1806,150,150.0,2024-08-27,-29
1807,150,150.0,2024-08-27,79
1808,150,150.0,2024-08-27,29
1809,150,150.0,2024-08-27,-29
1810,150,150.0,2024-08-27,29
1811,150,150.0,2024-08-27,29
1812,150,150.0,2024-08-27,79
1813,151,151.0,2025-06-04,29.00
1814,151,151.0,2025-06-04,29.00
1815,151,151.0,2025-06-04,29
1816,151,,2025-06-04,199.00
1817,151,151.0,2025-06-04,-29
1818,151,151.0,2025-06-04,79
1819,151,151.0,2025-06-04,29.00
1820,151,151.0,2025-06-04,79
1821,151,151.0,2025-06-04,199.00
1822,151,151.0,2025-06-04,29.00
1823,151,151.0,2025-06-04,79
1824,151,151.0,2025-06-04,79
1825,151,151.0,2025-06-04,199.00
1826,151,151.0,2025-06-04,79
1827,152,152.0,2024-07-08,29
1828,152,152.0,2024-07-08,199.00
1829,152,152.0,2024-07-08,79
1830,152,152.0,2024-07-08,29
1831,152,152.0,2024-07-08,79
1832,152,152.0,2024-07-08,199.00
1833,152,152.0,2024-07-08,199.00
1834,152,152.0,2024-07-08,29
1835,152,152.0,2024-07-08,79
1836,152,152.0,2024-07-08,79
1837,152,152.0,2024-07-08,29
1838,152,152.0,2024-07-08,29
1839,152,152.0,2024-07-08,79
1840,152,152.0,2024-07-08,79
1841,152,152.0,2024-07-08,79
1842,152,152.0,2024-07-08,29
1843,152,152.0,2024-07-08,29
1844,153,153.0,2024-12-19,79
1845,153,153.0,2024-12-19,29
1846,153,153.0,2024-12-19,79
1847,153,153.0,2024-12-19,29
1848,153,153.0,2024-12-19,199.00
1849,153,153.0,2024-12-19,79
1850,153,153.0,2024-12-19,29
1851,153,153.0,2024-12-19,29.00
1852,154,154.0,2025-05-06,79
1853,154,154.0,2025-05-06,79
1854,154,154.0,2025-05-06,199.00
1855,154,154.0,2025-05-06,29
1856,154,154.0,2025-05-06,29
1857,154,154.0,2025-05-06,79
1858,154,154.0,2025-05-06,79
1859,154,154.0,2025-05-06,-29
1860,154,154.0,2025-05-06,79
1861,154,154.0,2025-05-06,79
1862,154,154.0,2025-05-06,79
1863,154,154.0,2025-05-06,79
1864,154,154.0,2025-05-06,29
1865,154,154.0,2025-05-06,29
1866,154,154.0,2025-05-06,79
1867,154,154.0,2025-05-06,199.00
1868,155,,2024-10-11,-29
1869,155,155.0,2024-10-11,-29
1870,155,155.0,2024-10-11,29
1871,155,155.0,2024-10-11,199.00
1872,155,155.0,2024-10-11,29
1873,155,155.0,2024-10-11,79
1874,155,155.0,2024-10-11,79
1875,155,155.0,2024-10-11,29
1876,155,155.0,2024-10-11,79
1877,155,155.0,2024-10-11,79
1878,155,155.0,2024-10-11,29
1879,156,156.0,2025-11-21,79
1880,156,156.0,2025-11-21,79
1881,156,156.0,2025-11-21,29
1882,156,156.0,2025-11-21,29
1883,156,156.0,2025-11-21,29
1884,156,156.0,2025-11-21,29
1885,156,156.0,2025-11-21,29.00
1886,156,156.0,2025-11-21,79
1887,156,156.0,2025-11-21,79
1888,156,156.0,2025-11-21,79
1889,156,156.0,2025-11-21,29
1890,156,156.0,2025-11-21,-29
1891,156,156.0,2025-11-21,199.00
1892,156,156.0,2025-11-21,199.00
1893,156,156.0,2025-11-21,29
1894,156,156.0,2025-11-21,79
1895,157,,2025-04-28,29
1896,157,157.0,2025-04-28,199.00
1897,157,157.0,2025-04-28,79
1898,157,157.0,2025-04-28,29
1899,157,157.0,2025-04-28,199.00
1900,157,157.0,2025-04-28,29
1901,157,157.0,2025-04-28,29
1902,157,157.0,2025-04-28,29
1903,157,157.0,2025-04-28,29
1904,157,157.0,2025-04-28,29
1905,157,157.0,2025-04-28,199.00
1906,157,157.0,2025-04-28,199.00
1907,157,157.0,2025-04-28,29
1908,157,157.0,2025-04-28,79
1909,157,157.0,2025-04-28,79
1910,157,,2025-04-28,79
1911,157,157.0,2025-04-28,29
1912,158,158.0,2024-10-09,199.00
1913,158,158.0,2024-10-09,199.00
1914,158,158.0,2024-10-09,199.00
1915,158,158.0,2024-10-09,29
1916,158,158.0,2024-10-09,29
1917,158,158.0,2024-10-09,29
1918,158,158.0,2024-10-09,29
1919,158,158.0,2024-10-09,29
1920,158,158.0,2024-10-09,79
1921,159,159.0,2025-01-01,79
1922,159,159.0,2025-01-01,29.00
1923,159,159.0,2025-01-01,199.00
1924,159,159.0,2025-01-01,199.00
1925,159,159.0,2025-01-01,29.00
1926,159,159.0,2025-01-01,29
1927,159,159.0,2025-01-01,79
1928,159,159.0,2025-01-01,29.00
1929,159,159.0,2025-01-01,29
1930,159,159.0,2025-01-01,199.00
1931,159,159.0,2025-01-01,29
1932,159,159.0,2025-01-01,29
1933,159,159.0,2025-01-01,199.00
1934,160,160.0,2024-09-02,29.00
1935,160,160.0,2024-09-02,79
1936,160,160.0,2024-09-02,199.00
1937,160,160.0,2024-09-02,79
1938,160,,2024-09-02,29
1939,160,160.0,2024-09-02,29.00
1940,160,160.0,2024-09-02,29
1941,160,160.0,2024-09-02,79
1942,160,160.0,2024-09-02,199.00
1943,161,161.0,2024-12-17,79
1944,161,161.0,2024-12-17,29
1945,161,161.0,2024-12-17,29.00
1946,161,161.0,2024-12-17,79
1947,161,161.0,2024-12-17,79
1948,161,161.0,2024-12-17,79
1949,161,161.0,2024-12-17,29.00
1950,161,161.0,2024-12-17,29
1951,161,161.0,2024-12-17,29
1952,161,161.0,2024-12-17,29.00
1953,161,161.0,2024-12-17,29.00
1954,161,161.0,2024-12-17,79
1955,161,161.0,2024-12-17,79
1956,161,161.0,2024-12-17,79
1957,161,161.0,2024-12-17,79
1958,161,161.0,2024-12-17,29
1959,162,162.0,2025-02-10,29.00
1960,162,162.0,2025-02-10,79
1961,162,162.0,2025-02-10,29
1962,162,162.0,2025-02-10,199.00
1963,162,162.0,2025-02-10,79
1964,162,162.0,2025-02-10,29
1965,162,162.0,2025-02-10,29.00
1966,162,162.0,2025-02-10,-29
1967,162,162.0,2025-02-10,29.00
1968,162,162.0,2025-02-10,29.00
1969,163,163.0,2024-08-10,29
1970,163,163.0,2024-08-10,79
1971,163,163.0,2024-08-10,79
1972,163,163.0,2024-08-10,29
1973,163,163.0,2024-08-10,79
1974,163,163.0,2024-08-10,79
1975,163,163.0,2024-08-10,29
1976,163,163.0,2024-08-10,29
1977,163,163.0,2024-08-10,199.00
1978,163,163.0,2024-08-10,-29
1979,163,163.0,2024-08-10,29.00
1980,163,163.0,2024-08-10,29
1981,164,164.0,2026-02-22,199.00
1982,164,164.0,2026-02-22,79
1983,164,164.0,2026-02-22,79
1984,164,164.0,2026-02-22,199.00
1985,164,164.0,2026-02-22,199.00
1986,164,164.0,2026-02-22,199.00
1987,164,164.0,2026-02-22,79
1988,164,164.0,2026-02-22,29
1989,164,164.0,2026-02-22,199.00
1990,164,164.0,2026-02-22,29.00
1991,164,164.0,2026-02-22,79
1992,164,164.0,2026-02-22,79
1993,165,165.0,2025-10-09,29
1994,165,165.0,2025-10-09,79
1995,165,165.0,2025-10-09,29
1996,165,165.0,2025-10-09,29
1997,165,165.0,2025-10-09,79
1998,165,165.0,2025-10-09,29
1999,165,165.0,2025-10-09,29
2000,165,165.0,2025-10-09,29
2001,165,165.0,2025-10-09,29
2002,165,165.0,2025-10-09,29.00
2003,165,165.0,2025-10-09,79
2004,166,166.0,2024-10-13,199.00
2005,166,166.0,2024-10-13,29
2006,166,166.0,2024-10-13,29
2007,166,166.0,2024-10-13,29.00
2008,166,166.0,2024-10-13,29
2009,166,166.0,2024-10-13,199.00
2010,166,166.0,2024-10-13,199.00
2011,166,166.0,2024-10-13,79
2012,166,166.0,2024-10-13,29
2013,166,166.0,2024-10-13,79
2014,166,166.0,2024-10-13,29
2015,166,166.0,2024-10-13,29.00
2016,167,167.0,2024-09-14,199.00
2017,167,167.0,2024-09-14,29.00
2018,167,167.0,2024-09-14,29
2019,167,167.0,2024-09-14,29
2020,167,167.0,2024-09-14,29
2021,167,167.0,2024-09-14,29.00
2022,167,167.0,2024-09-14,29.00
2023,167,167.0,2024-09-14,29
2024,168,168.0,2025-11-16,29
2025,168,168.0,2025-11-16,79
2026,168,168.0,2025-11-16,79
2027,168,168.0,2025-11-16,79
2028,168,168.0,2025-11-16,199.00
2029,168,168.0,2025-11-16,199.00
2030,168,168.0,2025-11-16,29
2031,168,168.0,2025-11-16,-29
2032,169,169.0,2026-06-05,29
2033,169,169.0,2026-06-05,79
2034,169,169.0,2026-06-05,29
2035,169,169.0,2026-06-05,79
2036,169,169.0,2026-06-05,79
2037,169,169.0,2026-06-05,79
2038,169,169.0,2026-06-05,199.00
2039,170,170.0,2025-08-17,-29
2040,170,170.0,2025-08-17,29
2041,170,170.0,2025-08-17,29
2042,170,170.0,2025-08-17,199.00
2043,170,170.0,2025-08-17,29
2044,170,170.0,2025-08-17,79
2045,170,170.0,2025-08-17,79
2046,170,170.0,2025-08-17,29
2047,170,170.0,2025-08-17,29
2048,170,170.0,2025-08-17,79
2049,170,170.0,2025-08-17,29
2050,170,170.0,2025-08-17,199.00
2051,171,171.0,2026-02-23,79
2052,171,171.0,2026-02-23,29
2053,171,171.0,2026-02-23,79
2054,171,171.0,2026-02-23,29
2055,171,171.0,2026-02-23,199.00
2056,171,171.0,2026-02-23,199.00
2057,171,171.0,2026-02-23,29.00
2058,171,171.0,2026-02-23,-29
2059,171,171.0,2026-02-23,79
2060,171,171.0,2026-02-23,199.00
2061,172,172.0,2025-11-23,29
2062,172,172.0,2025-11-23,29
2063,172,172.0,2025-11-23,29
2064,172,172.0,2025-11-23,199.00
2065,172,172.0,2025-11-23,29
2066,172,172.0,2025-11-23,29
2067,172,172.0,2025-11-23,199.00
2068,172,172.0,2025-11-23,199.00
2069,172,172.0,2025-11-23,29.00
2070,172,172.0,2025-11-23,199.00
2071,172,172.0,2025-11-23,199.00
2072,172,172.0,2025-11-23,79
2073,172,172.0,2025-11-23,29.00
2074,172,172.0,2025-11-23,79
2075,172,172.0,2025-11-23,29.00
2076,172,172.0,2025-11-23,29.00
2077,172,172.0,2025-11-23,79
2078,173,173.0,2026-05-17,79
2079,173,173.0,2026-05-17,29.00
2080,173,173.0,2026-05-17,29
2081,173,173.0,2026-05-17,79
2082,173,173.0,2026-05-17,29
2083,173,173.0,2026-05-17,199.00
2084,173,173.0,2026-05-17,199.00
2085,173,173.0,2026-05-17,29.00
2086,173,173.0,2026-05-17,79
2087,173,173.0,2026-05-17,-29
2088,173,173.0,2026-05-17,79
2089,173,173.0,2026-05-17,199.00
2090,174,174.0,2025-09-05,29
2091,174,174.0,2025-09-05,29
2092,174,174.0,2025-09-05,29.00
2093,174,174.0,2025-09-05,29
2094,174,174.0,2025-09-05,29
2095,174,174.0,2025-09-05,29.00
2096,174,174.0,2025-09-05,79
2097,175,175.0,2024-12-05,29.00
2098,175,175.0,2024-12-05,29.00
2099,175,175.0,2024-12-05,199.00
2100,175,175.0,2024-12-05,79
2101,175,175.0,2024-12-05,199.00
2102,175,175.0,2024-12-05,29
2103,175,175.0,2024-12-05,79
2104,175,175.0,2024-12-05,79
2105,175,175.0,2024-12-05,29
2106,175,175.0,2024-12-05,79
2107,175,175.0,2024-12-05,79
2108,175,175.0,2024-12-05,79
2109,175,175.0,2024-12-05,79
2110,175,175.0,2024-12-05,79
2111,176,176.0,2026-03-20,79
2112,176,176.0,2026-03-20,29
2113,176,176.0,2026-03-20,29
2114,176,176.0,2026-03-20,199.00
2115,176,176.0,2026-03-20,79
2116,176,176.0,2026-03-20,199.00
2117,176,176.0,2026-03-20,29
2118,177,177.0,2024-09-17,29.00
2119,177,177.0,2024-09-17,29
2120,177,177.0,2024-09-17,79
2121,177,177.0,2024-09-17,199.00
2122,177,177.0,2024-09-17,199.00
2123,177,177.0,2024-09-17,79
2124,177,177.0,2024-09-17,79
2125,178,178.0,2024-11-04,29
2126,178,178.0,2024-11-04,79
2127,178,178.0,2024-11-04,79
2128,178,178.0,2024-11-04,29
2129,178,178.0,2024-11-04,29
2130,178,178.0,2024-11-04,79
2131,179,179.0,2024-07-19,29
2132,179,179.0,2024-07-19,79
2133,179,179.0,2024-07-19,29
2134,179,179.0,2024-07-19,29
2135,179,179.0,2024-07-19,79
2136,179,179.0,2024-07-19,29.00
2137,179,179.0,2024-07-19,29
2138,179,179.0,2024-07-19,79
2139,179,179.0,2024-07-19,79
2140,179,179.0,2024-07-19,79
2141,179,179.0,2024-07-19,79
2142,179,179.0,2024-07-19,29.00
2143,179,179.0,2024-07-19,79
2144,179,179.0,2024-07-19,199.00
2145,180,180.0,2025-02-06,29
2146,180,180.0,2025-02-06,199.00
2147,180,180.0,2025-02-06,199.00
2148,180,180.0,2025-02-06,29
2149,180,180.0,2025-02-06,29
2150,180,180.0,2025-02-06,199.00
2151,180,180.0,2025-02-06,199.00
2152,180,180.0,2025-02-06,29
2153,180,180.0,2025-02-06,29
2154,180,180.0,2025-02-06,79
2155,180,180.0,2025-02-06,29
2156,180,180.0,2025-02-06,29
2157,180,180.0,2025-02-06,79
2158,180,180.0,2025-02-06,199.00
2159,180,180.0,2025-02-06,79
2160,181,181.0,2024-09-30,79
2161,181,181.0,2024-09-30,29
2162,181,181.0,2024-09-30,29
2163,181,181.0,2024-09-30,79
2164,181,181.0,2024-09-30,199.00
2165,181,181.0,2024-09-30,79
2166,181,181.0,2024-09-30,29
2167,181,181.0,2024-09-30,79
2168,181,181.0,2024-09-30,199.00
2169,181,181.0,2024-09-30,29
2170,181,181.0,2024-09-30,29.00
2171,182,182.0,2026-01-25,199.00
2172,182,182.0,2026-01-25,79
2173,182,182.0,2026-01-25,199.00
2174,182,182.0,2026-01-25,199.00
2175,182,182.0,2026-01-25,79
2176,182,182.0,2026-01-25,29
2177,183,183.0,2025-02-16,199.00
2178,183,183.0,2025-02-16,79
2179,183,183.0,2025-02-16,29
2180,183,183.0,2025-02-16,29
2181,183,183.0,2025-02-16,29
2182,183,183.0,2025-02-16,29.00
2183,183,183.0,2025-02-16,29.00
2184,183,183.0,2025-02-16,79
2185,183,183.0,2025-02-16,199.00
2186,183,183.0,2025-02-16,29
2187,183,183.0,2025-02-16,29
2188,183,183.0,2025-02-16,29
2189,183,183.0,2025-02-16,29
2190,183,183.0,2025-02-16,29
2191,183,183.0,2025-02-16,79
2192,183,183.0,2025-02-16,29
2193,183,183.0,2025-02-16,29.00
2194,184,184.0,2026-02-09,29
2195,184,184.0,2026-02-09,29
2196,184,184.0,2026-02-09,79
2197,184,184.0,2026-02-09,79
2198,184,184.0,2026-02-09,29.00
2199,184,184.0,2026-02-09,29
2200,184,184.0,2026-02-09,79
2201,184,184.0,2026-02-09,29
2202,184,184.0,2026-02-09,29.00
2203,184,184.0,2026-02-09,29.00
2204,184,184.0,2026-02-09,-29
2205,184,184.0,2026-02-09,79
2206,184,184.0,2026-02-09,29
2207,185,185.0,2025-09-28,199.00
2208,185,185.0,2025-09-28,199.00
2209,185,185.0,2025-09-28,79
2210,185,185.0,2025-09-28,79
2211,185,185.0,2025-09-28,29
2212,185,185.0,2025-09-28,29.00
2213,185,185.0,2025-09-28,29.00
2214,185,185.0,2025-09-28,199.00
2215,185,185.0,2025-09-28,29
2216,185,185.0,2025-09-28,79
2217,186,186.0,2026-05-11,29.00
2218,186,186.0,2026-05-11,29
2219,186,186.0,2026-05-11,79
2220,186,186.0,2026-05-11,29
2221,186,186.0,2026-05-11,29.00
2222,186,186.0,2026-05-11,-29
2223,186,186.0,2026-05-11,29
2224,187,187.0,2025-10-30,199.00
2225,187,187.0,2025-10-30,79
2226,187,187.0,2025-10-30,29
2227,187,187.0,2025-10-30,29
2228,187,187.0,2025-10-30,79
2229,187,187.0,2025-10-30,79
2230,187,187.0,2025-10-30,-29
2231,187,187.0,2025-10-30,79
2232,187,187.0,2025-10-30,29
2233,187,187.0,2025-10-30,199.00
2234,187,187.0,2025-10-30,79
2235,187,187.0,2025-10-30,29
2236,187,187.0,2025-10-30,79
2237,187,187.0,2025-10-30,79
2238,187,187.0,2025-10-30,199.00
2239,188,188.0,2025-12-01,199.00
2240,188,188.0,2025-12-01,29.00
2241,188,188.0,2025-12-01,29
2242,188,188.0,2025-12-01,29.00
2243,188,188.0,2025-12-01,29
2244,188,188.0,2025-12-01,79
2245,188,188.0,2025-12-01,199.00
2246,188,188.0,2025-12-01,79
2247,188,188.0,2025-12-01,199.00
2248,188,188.0,2025-12-01,79
2249,189,189.0,2024-06-28,29
2250,189,189.0,2024-06-28,79
2251,189,189.0,2024-06-28,199.00
2252,189,,2024-06-28,199.00
2253,189,189.0,2024-06-28,79
2254,189,189.0,2024-06-28,79
2255,189,189.0,2024-06-28,79
2256,189,189.0,2024-06-28,29.00
2257,189,189.0,2024-06-28,79
2258,189,189.0,2024-06-28,79
2259,189,189.0,2024-06-28,29
2260,189,189.0,2024-06-28,29
2261,189,189.0,2024-06-28,29
2262,189,189.0,2024-06-28,29
2263,190,190.0,2025-04-04,29.00
2264,190,190.0,2025-04-04,199.00
2265,190,190.0,2025-04-04,29.00
2266,190,190.0,2025-04-04,79
2267,190,190.0,2025-04-04,79
2268,190,190.0,2025-04-04,79
2269,190,190.0,2025-04-04,199.00
2270,190,190.0,2025-04-04,29
2271,190,190.0,2025-04-04,29
2272,190,190.0,2025-04-04,29
2273,190,190.0,2025-04-04,79
2274,190,190.0,2025-04-04,199.00
2275,190,190.0,2025-04-04,29
2276,190,190.0,2025-04-04,79
2277,190,190.0,2025-04-04,79
2278,190,190.0,2025-04-04,29
2279,190,190.0,2025-04-04,29
2280,190,190.0,2025-04-04,29
2281,191,191.0,2024-12-07,199.00
2282,191,191.0,2024-12-07,29
2283,191,191.0,2024-12-07,79
2284,191,191.0,2024-12-07,199.00
2285,191,191.0,2024-12-07,79
2286,191,191.0,2024-12-07,199.00
2287,191,191.0,2024-12-07,199.00
2288,191,191.0,2024-12-07,79
2289,191,191.0,2024-12-07,29.00
2290,191,191.0,2024-12-07,-29
2291,191,191.0,2024-12-07,79
2292,191,191.0,2024-12-07,199.00
2293,191,191.0,2024-12-07,79
2294,192,192.0,2025-12-18,199.00
2295,192,192.0,2025-12-18,29.00
2296,192,192.0,2025-12-18,79
2297,192,192.0,2025-12-18,29
2298,192,192.0,2025-12-18,79
2299,192,192.0,2025-12-18,29
2300,192,192.0,2025-12-18,79
2301,192,192.0,2025-12-18,199.00
2302,192,192.0,2025-12-18,199.00
2303,192,192.0,2025-12-18,79
2304,192,192.0,2025-12-18,79
2305,193,193.0,2024-06-19,79
2306,193,193.0,2024-06-19,29
2307,193,193.0,2024-06-19,79
2308,193,193.0,2024-06-19,199.00
2309,193,193.0,2024-06-19,29
2310,193,193.0,2024-06-19,-29
2311,193,193.0,2024-06-19,79
2312,193,193.0,2024-06-19,79
2313,193,193.0,2024-06-19,199.00
2314,193,193.0,2024-06-19,79
2315,193,193.0,2024-06-19,29
2316,193,193.0,2024-06-19,29.00
2317,193,193.0,2024-06-19,79
2318,193,,2024-06-19,79
2319,194,194.0,2024-12-18,79
2320,194,194.0,2024-12-18,199.00
2321,194,194.0,2024-12-18,79
2322,194,194.0,2024-12-18,79
2323,194,194.0,2024-12-18,199.00
2324,194,,2024-12-18,29
2325,194,194.0,2024-12-18,29
2326,194,194.0,2024-12-18,29.00
2327,194,194.0,2024-12-18,199.00
2328,194,194.0,2024-12-18,199.00
2329,194,194.0,2024-12-18,29
2330,194,194.0,2024-12-18,79
2331,194,194.0,2024-12-18,29.00
2332,194,194.0,2024-12-18,79
2333,194,194.0,2024-12-18,79
2334,194,,2024-12-18,79
2335,195,195.0,2025-09-16,79
2336,195,195.0,2025-09-16,79
2337,195,195.0,2025-09-16,79
2338,195,195.0,2025-09-16,79
2339,195,195.0,2025-09-16,79
2340,195,195.0,2025-09-16,29
2341,195,195.0,2025-09-16,29
2342,195,195.0,2025-09-16,79
2343,195,195.0,2025-09-16,199.00
2344,195,195.0,2025-09-16,29
2345,195,195.0,2025-09-16,79
2346,195,195.0,2025-09-16,29.00
2347,196,196.0,2025-08-12,29
2348,196,196.0,2025-08-12,79
2349,196,196.0,2025-08-12,199.00
2350,196,196.0,2025-08-12,29.00
2351,196,196.0,2025-08-12,199.00
2352,196,196.0,2025-08-12,29.00
2353,196,196.0,2025-08-12,29
2354,196,196.0,2025-08-12,79
2355,197,197.0,2025-09-28,29
2356,197,197.0,2025-09-28,79
2357,197,197.0,2025-09-28,79
2358,197,197.0,2025-09-28,79
2359,197,197.0,2025-09-28,29
2360,197,197.0,2025-09-28,79
2361,197,197.0,2025-09-28,199.00
2362,197,197.0,2025-09-28,29
2363,197,197.0,2025-09-28,79
2364,197,197.0,2025-09-28,29
2365,198,198.0,2025-05-18,29
2366,198,198.0,2025-05-18,29.00
2367,198,198.0,2025-05-18,29
2368,198,198.0,2025-05-18,79
2369,198,198.0,2025-05-18,199.00
2370,198,198.0,2025-05-18,29
2371,198,,2025-05-18,79
2372,198,198.0,2025-05-18,79
2373,198,198.0,2025-05-18,29
2374,198,198.0,2025-05-18,79
2375,198,198.0,2025-05-18,29.00
2376,198,198.0,2025-05-18,29.00
2377,198,198.0,2025-05-18,79
2378,198,198.0,2025-05-18,79
2379,199,199.0,2025-02-04,29
2380,199,199.0,2025-02-04,29
2381,199,199.0,2025-02-04,29.00
2382,199,199.0,2025-02-04,29
2383,199,199.0,2025-02-04,79
2384,199,199.0,2025-02-04,199.00
2385,199,199.0,2025-02-04,29
2386,199,199.0,2025-02-04,199.00
2387,199,199.0,2025-02-04,199.00
2388,199,199.0,2025-02-04,29
2389,199,199.0,2025-02-04,29.00
2390,199,199.0,2025-02-04,29.00
2391,199,199.0,2025-02-04,79
2392,199,199.0,2025-02-04,199.00
2393,199,199.0,2025-02-04,29
2394,199,199.0,2025-02-04,79
2395,199,199.0,2025-02-04,29.00
2396,199,199.0,2025-02-04,29.00
2397,200,200.0,2025-10-21,29
2398,200,200.0,2025-10-21,29
2399,200,200.0,2025-10-21,199.00
2400,200,200.0,2025-10-21,199.00
2401,200,200.0,2025-10-21,199.00
2402,200,200.0,2025-10-21,199.00
2403,201,201.0,2024-12-05,29
2404,201,201.0,2024-12-05,79
2405,201,201.0,2024-12-05,199.00
2406,201,201.0,2024-12-05,29.00
2407,201,201.0,2024-12-05,199.00
2408,201,201.0,2024-12-05,79
2409,201,201.0,2024-12-05,29
2410,201,201.0,2024-12-05,29
2411,201,201.0,2024-12-05,79
2412,201,201.0,2024-12-05,29
2413,201,201.0,2024-12-05,29.00
2414,201,201.0,2024-12-05,79
2415,201,201.0,2024-12-05,79
2416,202,202.0,2025-05-31,79
2417,202,202.0,2025-05-31,29.00
2418,202,202.0,2025-05-31,199.00
2419,202,202.0,2025-05-31,79
2420,202,202.0,2025-05-31,29.00
2421,202,202.0,2025-05-31,29.00
2422,202,202.0,2025-05-31,29
2423,202,202.0,2025-05-31,29
2424,202,202.0,2025-05-31,79
2425,202,202.0,2025-05-31,29
2426,202,202.0,2025-05-31,29.00
2427,202,202.0,2025-05-31,29
2428,202,202.0,2025-05-31,29
2429,202,202.0,2025-05-31,-29
2430,202,202.0,2025-05-31,29
2431,202,202.0,2025-05-31,79
2432,202,202.0,2025-05-31,29
2433,203,203.0,2026-04-24,29.00
2434,203,203.0,2026-04-24,79
2435,203,203.0,2026-04-24,199.00
2436,203,203.0,2026-04-24,199.00
2437,203,203.0,2026-04-24,79
2438,203,203.0,2026-04-24,199.00
2439,203,203.0,2026-04-24,199.00
2440,203,203.0,2026-04-24,29
2441,203,203.0,2026-04-24,199.00
2442,203,203.0,2026-04-24,199.00
2443,203,203.0,2026-04-24,79
2444,203,203.0,2026-04-24,79
2445,203,203.0,2026-04-24,79
2446,203,,2026-04-24,79
2447,203,203.0,2026-04-24,29.00
2448,203,203.0,2026-04-24,79
2449,203,203.0,2026-04-24,79
2450,203,203.0,2026-04-24,79
2451,204,204.0,2025-08-26,79
2452,204,204.0,2025-08-26,29
2453,204,204.0,2025-08-26,29
2454,204,204.0,2025-08-26,29
2455,204,204.0,2025-08-26,199.00
2456,204,204.0,2025-08-26,29
2457,205,205.0,2025-09-04,29.00
2458,205,205.0,2025-09-04,79
2459,205,205.0,2025-09-04,29
2460,205,205.0,2025-09-04,79
2461,205,205.0,2025-09-04,79
2462,205,205.0,2025-09-04,29
2463,205,205.0,2025-09-04,29
2464,205,,2025-09-04,29.00
2465,205,205.0,2025-09-04,79
2466,205,205.0,2025-09-04,29.00
2467,205,205.0,2025-09-04,29.00
2468,206,206.0,2025-06-01,29.00
2469,206,206.0,2025-06-01,29.00
2470,206,,2025-06-01,79
2471,206,206.0,2025-06-01,79
2472,206,,2025-06-01,199.00
2473,206,206.0,2025-06-01,79
2474,206,206.0,2025-06-01,199.00
2475,206,206.0,2025-06-01,199.00
2476,206,206.0,2025-06-01,29
2477,206,206.0,2025-06-01,79
2478,206,206.0,2025-06-01,199.00
2479,206,206.0,2025-06-01,79
2480,206,206.0,2025-06-01,29.00
2481,206,206.0,2025-06-01,29
2482,206,206.0,2025-06-01,199.00
2483,206,206.0,2025-06-01,79
2484,206,206.0,2025-06-01,29
2485,206,206.0,2025-06-01,79
2486,207,,2025-08-13,-29
2487,207,207.0,2025-08-13,29.00
2488,207,207.0,2025-08-13,199.00
2489,207,207.0,2025-08-13,29
2490,207,207.0,2025-08-13,29
2491,207,207.0,2025-08-13,199.00
2492,207,207.0,2025-08-13,79
2493,207,207.0,2025-08-13,29.00
2494,207,207.0,2025-08-13,29
2495,207,207.0,2025-08-13,29.00
2496,207,207.0,2025-08-13,29
2497,207,207.0,2025-08-13,199.00
2498,207,207.0,2025-08-13,79
2499,207,207.0,2025-08-13,29.00
2500,207,207.0,2025-08-13,29
2501,208,208.0,2025-10-28,29.00
2502,208,208.0,2025-10-28,29
2503,208,208.0,2025-10-28,79
2504,208,208.0,2025-10-28,199.00
2505,208,208.0,2025-10-28,79
2506,208,208.0,2025-10-28,199.00
2507,209,209.0,2025-10-24,-29
2508,209,209.0,2025-10-24,199.00
2509,209,,2025-10-24,79
2510,209,209.0,2025-10-24,79
2511,209,209.0,2025-10-24,29
2512,209,209.0,2025-10-24,79
2513,209,209.0,2025-10-24,79
2514,209,209.0,2025-10-24,29
2515,209,209.0,2025-10-24,29
2516,210,210.0,2026-03-27,29
2517,210,210.0,2026-03-27,29
2518,210,210.0,2026-03-27,199.00
2519,210,210.0,2026-03-27,29.00
2520,210,210.0,2026-03-27,29
2521,210,210.0,2026-03-27,79
2522,210,210.0,2026-03-27,199.00
2523,210,210.0,2026-03-27,29.00
2524,210,210.0,2026-03-27,29
2525,211,211.0,2024-08-30,79
2526,211,211.0,2024-08-30,199.00
2527,211,211.0,2024-08-30,29
2528,211,211.0,2024-08-30,199.00
2529,211,211.0,2024-08-30,79
2530,211,211.0,2024-08-30,79
2531,211,211.0,2024-08-30,79
2532,211,211.0,2024-08-30,79
2533,211,211.0,2024-08-30,29.00
2534,211,211.0,2024-08-30,-29
2535,211,211.0,2024-08-30,79
2536,211,211.0,2024-08-30,29
2537,211,211.0,2024-08-30,29
2538,211,,2024-08-30,29.00
2539,211,211.0,2024-08-30,199.00
2540,211,211.0,2024-08-30,29.00
2541,211,211.0,2024-08-30,79
2542,211,211.0,2024-08-30,199.00
2543,212,212.0,2025-01-20,29
2544,212,212.0,2025-01-20,199.00
2545,212,212.0,2025-01-20,79
2546,212,212.0,2025-01-20,29
2547,212,212.0,2025-01-20,29
2548,212,212.0,2025-01-20,29.00
2549,212,212.0,2025-01-20,79
2550,212,212.0,2025-01-20,29.00
2551,213,213.0,2024-12-16,199.00
2552,213,213.0,2024-12-16,79
2553,213,213.0,2024-12-16,79
2554,213,213.0,2024-12-16,29
2555,213,213.0,2024-12-16,79
2556,213,,2024-12-16,79
2557,213,213.0,2024-12-16,29.00
2558,213,213.0,2024-12-16,29.00
2559,213,213.0,2024-12-16,29
2560,214,214.0,2025-02-27,29
2561,214,214.0,2025-02-27,29
2562,214,214.0,2025-02-27,199.00
2563,214,214.0,2025-02-27,29
2564,214,214.0,2025-02-27,29
2565,214,214.0,2025-02-27,199.00
2566,214,214.0,2025-02-27,29.00
2567,214,214.0,2025-02-27,29
2568,214,214.0,2025-02-27,199.00
2569,214,214.0,2025-02-27,29
2570,214,214.0,2025-02-27,79
2571,215,215.0,2025-01-21,29
2572,215,215.0,2025-01-21,29.00
2573,215,215.0,2025-01-21,79
2574,215,215.0,2025-01-21,79
2575,215,215.0,2025-01-21,29
2576,215,215.0,2025-01-21,79
2577,215,215.0,2025-01-21,29.00
2578,215,215.0,2025-01-21,29.00
2579,215,215.0,2025-01-21,79
2580,215,215.0,2025-01-21,79
2581,215,215.0,2025-01-21,29.00
2582,215,215.0,2025-01-21,199.00
2583,215,215.0,2025-01-21,79
2584,215,215.0,2025-01-21,29
2585,215,215.0,2025-01-21,79
2586,215,215.0,2025-01-21,199.00
2587,215,215.0,2025-01-21,29
2588,216,216.0,2026-04-05,29
2589,216,216.0,2026-04-05,29.00
2590,216,216.0,2026-04-05,79
2591,216,216.0,2026-04-05,29
2592,216,216.0,2026-04-05,79
2593,216,216.0,2026-04-05,29
2594,216,216.0,2026-04-05,79
2595,216,216.0,2026-04-05,29
2596,216,216.0,2026-04-05,29.00
2597,217,217.0,2025-12-14,29
2598,217,217.0,2025-12-14,29
2599,217,217.0,2025-12-14,29
2600,217,217.0,2025-12-14,29
2601,217,217.0,2025-12-14,29
2602,217,217.0,2025-12-14,29.00
2603,217,217.0,2025-12-14,199.00
2604,217,217.0,2025-12-14,29
2605,217,217.0,2025-12-14,79
2606,217,217.0,2025-12-14,-29
2607,217,217.0,2025-12-14,29.00
2608,217,217.0,2025-12-14,199.00
2609,217,217.0,2025-12-14,79
2610,217,217.0,2025-12-14,79
2611,217,217.0,2025-12-14,29
2612,217,217.0,2025-12-14,199.00
2613,217,217.0,2025-12-14,79
2614,217,217.0,2025-12-14,29.00
2615,218,218.0,2025-11-30,29.00
2616,218,218.0,2025-11-30,79
2617,218,218.0,2025-11-30,29
2618,218,218.0,2025-11-30,29
2619,218,218.0,2025-11-30,29
2620,218,218.0,2025-11-30,79
2621,218,218.0,2025-11-30,79
2622,218,218.0,2025-11-30,79
2623,218,218.0,2025-11-30,29
2624,218,218.0,2025-11-30,29
2625,218,218.0,2025-11-30,79
2626,219,219.0,2024-08-28,29.00
2627,219,219.0,2024-08-28,29
2628,219,219.0,2024-08-28,79
2629,219,219.0,2024-08-28,-29
2630,219,219.0,2024-08-28,79
2631,219,219.0,2024-08-28,29.00
2632,219,219.0,2024-08-28,29
2633,219,219.0,2024-08-28,29.00
2634,220,220.0,2026-01-20,79
2635,220,220.0,2026-01-20,29.00
2636,220,220.0,2026-01-20,29
2637,220,220.0,2026-01-20,79
2638,220,220.0,2026-01-20,29.00
2639,220,220.0,2026-01-20,79
2640,220,220.0,2026-01-20,199.00
2641,220,220.0,2026-01-20,79
2642,221,221.0,2025-06-13,29.00
2643,221,221.0,2025-06-13,79
2644,221,221.0,2025-06-13,199.00
2645,221,221.0,2025-06-13,79
2646,221,221.0,2025-06-13,29.00
2647,221,221.0,2025-06-13,29
2648,221,221.0,2025-06-13,199.00
2649,221,221.0,2025-06-13,79
2650,221,221.0,2025-06-13,29
2651,221,221.0,2025-06-13,29
2652,221,221.0,2025-06-13,79
2653,221,221.0,2025-06-13,79
2654,221,221.0,2025-06-13,199.00
2655,221,221.0,2025-06-13,79
2656,221,,2025-06-13,29.00
2657,222,222.0,2024-09-29,199.00
2658,222,222.0,2024-09-29,29
2659,222,222.0,2024-09-29,199.00
2660,222,222.0,2024-09-29,29
2661,222,222.0,2024-09-29,29
2662,222,222.0,2024-09-29,29
2663,222,,2024-09-29,29
2664,222,222.0,2024-09-29,29
2665,222,222.0,2024-09-29,29.00
2666,222,222.0,2024-09-29,79
2667,222,222.0,2024-09-29,199.00
2668,223,223.0,2024-07-13,199.00
2669,223,223.0,2024-07-13,29
2670,223,223.0,2024-07-13,29.00
2671,223,,2024-07-13,29.00
2672,223,223.0,2024-07-13,29
2673,223,223.0,2024-07-13,29.00
2674,223,223.0,2024-07-13,29
2675,223,223.0,2024-07-13,29.00
2676,223,223.0,2024-07-13,79
2677,223,223.0,2024-07-13,79
2678,223,223.0,2024-07-13,79
2679,223,223.0,2024-07-13,29.00
2680,224,224.0,2025-01-17,-29
2681,224,224.0,2025-01-17,29.00
2682,224,224.0,2025-01-17,199.00
2683,224,224.0,2025-01-17,29.00
2684,224,224.0,2025-01-17,79
2685,224,224.0,2025-01-17,79
2686,224,224.0,2025-01-17,79
2687,224,224.0,2025-01-17,79
2688,224,224.0,2025-01-17,79
2689,224,224.0,2025-01-17,199.00
2690,224,224.0,2025-01-17,199.00
2691,224,,2025-01-17,79
2692,224,224.0,2025-01-17,79
2693,224,224.0,2025-01-17,199.00
2694,224,224.0,2025-01-17,29
2695,224,224.0,2025-01-17,29
2696,225,225.0,2025-02-04,29.00
2697,225,225.0,2025-02-04,29.00
2698,225,225.0,2025-02-04,29.00
2699,225,225.0,2025-02-04,79
2700,225,225.0,2025-02-04,29
2701,225,225.0,2025-02-04,29
2702,226,226.0,2025-10-17,199.00
2703,226,226.0,2025-10-17,79
2704,226,226.0,2025-10-17,29.00
2705,226,226.0,2025-10-17,29.00
2706,226,226.0,2025-10-17,29
2707,226,226.0,2025-10-17,29
2708,226,226.0,2025-10-17,29.00
2709,226,226.0,2025-10-17,29.00
2710,226,226.0,2025-10-17,79
2711,227,227.0,2026-01-06,199.00
2712,227,227.0,2026-01-06,29.00
2713,227,227.0,2026-01-06,29.00
2714,227,227.0,2026-01-06,199.00
2715,227,227.0,2026-01-06,79
2716,227,227.0,2026-01-06,79
2717,227,227.0,2026-01-06,79
2718,227,227.0,2026-01-06,29.00
2719,227,227.0,2026-01-06,29
2720,227,227.0,2026-01-06,29
2721,227,227.0,2026-01-06,79
2722,227,227.0,2026-01-06,29.00
2723,228,228.0,2025-09-21,79
2724,228,228.0,2025-09-21,199.00
2725,228,228.0,2025-09-21,-29
2726,228,228.0,2025-09-21,199.00
2727,228,228.0,2025-09-21,79
2728,228,228.0,2025-09-21,29
2729,228,228.0,2025-09-21,79
2730,228,228.0,2025-09-21,29
2731,228,228.0,2025-09-21,29.00
2732,228,228.0,2025-09-21,199.00
2733,228,228.0,2025-09-21,199.00
2734,228,228.0,2025-09-21,199.00
2735,228,228.0,2025-09-21,29.00
2736,228,228.0,2025-09-21,29
2737,229,229.0,2024-10-01,79
2738,229,229.0,2024-10-01,29
2739,229,,2024-10-01,199.00
2740,229,229.0,2024-10-01,29
2741,229,229.0,2024-10-01,79
2742,229,229.0,2024-10-01,29
2743,229,229.0,2024-10-01,79
2744,229,229.0,2024-10-01,199.00
2745,229,229.0,2024-10-01,199.00
2746,229,229.0,2024-10-01,199.00
2747,230,230.0,2025-08-23,79
2748,230,230.0,2025-08-23,29.00
2749,230,230.0,2025-08-23,199.00
2750,230,,2025-08-23,29.00
2751,230,230.0,2025-08-23,29
2752,230,230.0,2025-08-23,79
2753,230,230.0,2025-08-23,29.00
2754,230,230.0,2025-08-23,29.00
2755,230,230.0,2025-08-23,29
2756,230,230.0,2025-08-23,29.00
2757,230,230.0,2025-08-23,29.00
2758,230,230.0,2025-08-23,79
2759,230,230.0,2025-08-23,29
2760,230,230.0,2025-08-23,29
2761,230,230.0,2025-08-23,29
2762,230,230.0,2025-08-23,79
2763,231,231.0,2025-08-30,29
2764,231,231.0,2025-08-30,29
2765,231,231.0,2025-08-30,29
2766,231,231.0,2025-08-30,29
2767,231,231.0,2025-08-30,29
2768,231,231.0,2025-08-30,199.00
2769,231,231.0,2025-08-30,29.00
2770,231,231.0,2025-08-30,79
2771,231,,2025-08-30,29
2772,231,231.0,2025-08-30,199.00
2773,231,231.0,2025-08-30,-29
2774,231,231.0,2025-08-30,79
2775,231,231.0,2025-08-30,29.00
2776,231,231.0,2025-08-30,199.00
2777,231,231.0,2025-08-30,199.00
2778,231,231.0,2025-08-30,-29
2779,231,231.0,2025-08-30,29
2780,231,231.0,2025-08-30,199.00
2781,232,232.0,2025-10-21,79
2782,232,232.0,2025-10-21,79
2783,232,232.0,2025-10-21,29
2784,232,232.0,2025-10-21,29.00
2785,232,232.0,2025-10-21,79
2786,232,232.0,2025-10-21,29
2787,232,232.0,2025-10-21,29
2788,232,232.0,2025-10-21,79
2789,232,232.0,2025-10-21,29
2790,232,232.0,2025-10-21,29.00
2791,232,232.0,2025-10-21,199.00
2792,233,233.0,2025-01-11,79
2793,233,233.0,2025-01-11,29
2794,233,233.0,2025-01-11,199.00
2795,233,233.0,2025-01-11,79
2796,233,233.0,2025-01-11,199.00
2797,233,233.0,2025-01-11,79
2798,233,233.0,2025-01-11,199.00
2799,233,233.0,2025-01-11,199.00
2800,233,233.0,2025-01-11,199.00
2801,233,233.0,2025-01-11,79
2802,233,233.0,2025-01-11,29
2803,234,234.0,2025-07-28,29
2804,234,234.0,2025-07-28,29
2805,234,234.0,2025-07-28,29
2806,234,234.0,2025-07-28,29.00
2807,234,234.0,2025-07-28,29
2808,234,234.0,2025-07-28,29.00
2809,234,,2025-07-28,29.00
2810,234,234.0,2025-07-28,79
2811,234,234.0,2025-07-28,29
2812,234,234.0,2025-07-28,79
2813,234,234.0,2025-07-28,199.00
2814,234,234.0,2025-07-28,199.00
2815,234,234.0,2025-07-28,79
2816,234,234.0,2025-07-28,199.00
2817,234,234.0,2025-07-28,29.00
2818,234,234.0,2025-07-28,79
2819,234,234.0,2025-07-28,29.00
2820,235,235.0,2026-02-10,29.00
2821,235,235.0,2026-02-10,29
2822,235,235.0,2026-02-10,29.00
2823,235,235.0,2026-02-10,29
2824,235,235.0,2026-02-10,29
2825,235,235.0,2026-02-10,79
2826,235,235.0,2026-02-10,29.00
2827,235,235.0,2026-02-10,29
2828,235,235.0,2026-02-10,79
2829,235,235.0,2026-02-10,199.00
2830,235,235.0,2026-02-10,79
2831,235,235.0,2026-02-10,29
2832,235,235.0,2026-02-10,199.00
2833,235,235.0,2026-02-10,29
2834,235,235.0,2026-02-10,199.00
2835,235,235.0,2026-02-10,79
2836,235,235.0,2026-02-10,29.00
2837,235,235.0,2026-02-10,79
2838,236,236.0,2025-06-18,79
2839,236,236.0,2025-06-18,79
2840,236,236.0,2025-06-18,79
2841,236,236.0,2025-06-18,29.00
2842,236,236.0,2025-06-18,199.00
2843,236,236.0,2025-06-18,29
2844,236,236.0,2025-06-18,199.00
2845,236,236.0,2025-06-18,79
2846,236,236.0,2025-06-18,29
2847,236,236.0,2025-06-18,79
2848,236,236.0,2025-06-18,79
2849,236,236.0,2025-06-18,29
2850,236,236.0,2025-06-18,79
2851,236,236.0,2025-06-18,29
2852,236,236.0,2025-06-18,29
2853,237,237.0,2026-05-20,29
2854,237,237.0,2026-05-20,79
2855,237,237.0,2026-05-20,79
2856,237,237.0,2026-05-20,199.00
2857,237,237.0,2026-05-20,199.00
2858,237,,2026-05-20,79
2859,237,237.0,2026-05-20,79
2860,237,237.0,2026-05-20,29.00
2861,237,237.0,2026-05-20,29
2862,237,237.0,2026-05-20,29
2863,237,237.0,2026-05-20,29
2864,237,237.0,2026-05-20,79
2865,237,237.0,2026-05-20,29.00
2866,237,237.0,2026-05-20,79
2867,237,237.0,2026-05-20,79
2868,237,237.0,2026-05-20,199.00
2869,237,237.0,2026-05-20,29
2870,238,238.0,2024-06-17,29
2871,238,238.0,2024-06-17,29.00
2872,238,238.0,2024-06-17,29.00
2873,238,238.0,2024-06-17,199.00
2874,238,238.0,2024-06-17,29
2875,238,238.0,2024-06-17,29.00
2876,238,238.0,2024-06-17,29
2877,238,238.0,2024-06-17,29.00
2878,238,238.0,2024-06-17,199.00
2879,239,239.0,2025-04-17,199.00
2880,239,239.0,2025-04-17,29.00
2881,239,239.0,2025-04-17,79
2882,239,239.0,2025-04-17,29.00
2883,239,239.0,2025-04-17,29
2884,239,239.0,2025-04-17,29
2885,239,239.0,2025-04-17,29
2886,239,239.0,2025-04-17,29.00
2887,239,239.0,2025-04-17,29.00
2888,239,239.0,2025-04-17,29
2889,239,239.0,2025-04-17,29
2890,239,239.0,2025-04-17,29
2891,239,239.0,2025-04-17,29
2892,239,239.0,2025-04-17,29
2893,239,239.0,2025-04-17,79
2894,240,,2026-01-05,79
2895,240,240.0,2026-01-05,79
2896,240,240.0,2026-01-05,29.00
2897,240,240.0,2026-01-05,29
2898,240,240.0,2026-01-05,29
2899,240,240.0,2026-01-05,79
2900,240,240.0,2026-01-05,79
2901,240,240.0,2026-01-05,79
2902,240,240.0,2026-01-05,79
2903,240,240.0,2026-01-05,29.00
2904,240,240.0,2026-01-05,29
2905,240,240.0,2026-01-05,29
2906,240,240.0,2026-01-05,29.00
2907,241,,2026-04-20,79
2908,241,241.0,2026-04-20,79
2909,241,241.0,2026-04-20,29.00
2910,241,241.0,2026-04-20,199.00
2911,241,241.0,2026-04-20,-29
2912,241,241.0,2026-04-20,-29
2913,241,241.0,2026-04-20,79
2914,241,241.0,2026-04-20,199.00
2915,241,241.0,2026-04-20,79
2916,241,241.0,2026-04-20,79
2917,241,241.0,2026-04-20,79
2918,241,241.0,2026-04-20,29
2919,241,241.0,2026-04-20,29
2920,241,241.0,2026-04-20,29
2921,242,242.0,2025-05-24,29
2922,242,242.0,2025-05-24,29
2923,242,242.0,2025-05-24,29.00
2924,242,242.0,2025-05-24,199.00
2925,242,242.0,2025-05-24,79
2926,242,242.0,2025-05-24,29
2927,242,242.0,2025-05-24,29
2928,242,242.0,2025-05-24,29
2929,242,242.0,2025-05-24,-29
2930,242,242.0,2025-05-24,29.00
2931,243,243.0,2025-04-14,29
2932,243,243.0,2025-04-14,29.00
2933,243,243.0,2025-04-14,29
2934,243,243.0,2025-04-14,29
2935,243,243.0,2025-04-14,79
2936,243,243.0,2025-04-14,-29
2937,243,243.0,2025-04-14,199.00
2938,243,243.0,2025-04-14,29
2939,243,243.0,2025-04-14,29
2940,243,243.0,2025-04-14,29.00
2941,243,243.0,2025-04-14,29
2942,243,243.0,2025-04-14,79
2943,243,243.0,2025-04-14,29
2944,244,244.0,2024-06-28,29
2945,244,244.0,2024-06-28,29.00
2946,244,244.0,2024-06-28,199.00
2947,244,244.0,2024-06-28,29
2948,244,244.0,2024-06-28,29
2949,244,244.0,2024-06-28,79
2950,244,244.0,2024-06-28,79
2951,244,244.0,2024-06-28,29.00
2952,245,245.0,2025-04-05,79
2953,245,245.0,2025-04-05,29
2954,245,245.0,2025-04-05,29.00
2955,245,245.0,2025-04-05,199.00
2956,245,245.0,2025-04-05,29.00
2957,245,245.0,2025-04-05,29.00
2958,245,245.0,2025-04-05,79
2959,245,245.0,2025-04-05,79
2960,245,245.0,2025-04-05,199.00
2961,245,245.0,2025-04-05,79
2962,245,245.0,2025-04-05,199.00
2963,245,245.0,2025-04-05,29
2964,245,245.0,2025-04-05,79
2965,245,245.0,2025-04-05,29.00
2966,245,245.0,2025-04-05,199.00
2967,245,245.0,2025-04-05,29
2968,246,246.0,2025-09-07,29
2969,246,246.0,2025-09-07,29
2970,246,246.0,2025-09-07,29.00
2971,246,246.0,2025-09-07,29
2972,246,246.0,2025-09-07,79
2973,246,246.0,2025-09-07,29.00
2974,246,246.0,2025-09-07,29
2975,246,246.0,2025-09-07,29
2976,246,246.0,2025-09-07,199.00
2977,246,246.0,2025-09-07,79
2978,246,246.0,2025-09-07,79
2979,247,247.0,2024-10-12,29.00
2980,247,247.0,2024-10-12,29
2981,247,247.0,2024-10-12,79
2982,247,247.0,2024-10-12,79
2983,247,247.0,2024-10-12,79
2984,247,247.0,2024-10-12,79
2985,248,248.0,2025-09-21,29
2986,248,248.0,2025-09-21,199.00
2987,248,248.0,2025-09-21,79
2988,248,248.0,2025-09-21,29
2989,248,248.0,2025-09-21,79
2990,248,248.0,2025-09-21,79
2991,248,248.0,2025-09-21,29.00
2992,248,248.0,2025-09-21,29
2993,248,248.0,2025-09-21,79
2994,248,248.0,2025-09-21,29
2995,249,249.0,2026-02-15,29.00
2996,249,249.0,2026-02-15,29
2997,249,249.0,2026-02-15,29
2998,249,249.0,2026-02-15,29
2999,249,,2026-02-15,29.00
3000,249,249.0,2026-02-15,29
3001,249,249.0,2026-02-15,29
3002,249,249.0,2026-02-15,79
3003,250,250.0,2024-06-15,199.00
3004,250,250.0,2024-06-15,29.00
3005,250,250.0,2024-06-15,29
3006,250,250.0,2024-06-15,79
3007,250,250.0,2024-06-15,79
3008,250,250.0,2024-06-15,199.00
3009,251,251.0,2024-06-26,29
3010,251,251.0,2024-06-26,79
3011,251,251.0,2024-06-26,199.00
3012,251,251.0,2024-06-26,79
3013,251,251.0,2024-06-26,29.00
3014,251,251.0,2024-06-26,79
3015,251,251.0,2024-06-26,199.00
3016,251,251.0,2024-06-26,29.00
3017,251,251.0,2024-06-26,29.00
3018,251,251.0,2024-06-26,29.00
3019,251,251.0,2024-06-26,79
3020,252,252.0,2026-01-04,-29
3021,252,252.0,2026-01-04,199.00
3022,252,252.0,2026-01-04,29
3023,252,252.0,2026-01-04,-29
3024,252,252.0,2026-01-04,29
3025,252,252.0,2026-01-04,199.00
3026,252,252.0,2026-01-04,79
3027,252,252.0,2026-01-04,29
3028,252,252.0,2026-01-04,29
3029,252,252.0,2026-01-04,79
3030,252,252.0,2026-01-04,29
3031,252,252.0,2026-01-04,79
3032,253,253.0,2025-11-29,29.00
3033,253,253.0,2025-11-29,199.00
3034,253,253.0,2025-11-29,29
3035,253,253.0,2025-11-29,29.00
3036,253,253.0,2025-11-29,29
3037,253,253.0,2025-11-29,29
3038,253,253.0,2025-11-29,29
3039,253,253.0,2025-11-29,79
3040,253,253.0,2025-11-29,79
3041,253,253.0,2025-11-29,29
3042,253,253.0,2025-11-29,29
3043,253,253.0,2025-11-29,29
3044,254,254.0,2025-04-06,199.00
3045,254,254.0,2025-04-06,79
3046,254,254.0,2025-04-06,79
3047,254,254.0,2025-04-06,79
3048,254,254.0,2025-04-06,29
3049,254,254.0,2025-04-06,79
3050,254,254.0,2025-04-06,79
3051,254,254.0,2025-04-06,199.00
3052,255,255.0,2025-04-21,79
3053,255,255.0,2025-04-21,79
3054,255,255.0,2025-04-21,29
3055,255,255.0,2025-04-21,79
3056,255,255.0,2025-04-21,29.00
3057,255,255.0,2025-04-21,29
3058,255,255.0,2025-04-21,29
3059,255,255.0,2025-04-21,29
3060,255,255.0,2025-04-21,29.00
3061,255,255.0,2025-04-21,79
3062,255,255.0,2025-04-21,29.00
3063,255,255.0,2025-04-21,199.00
3064,256,256.0,2025-03-30,29
3065,256,256.0,2025-03-30,29
3066,256,256.0,2025-03-30,29
3067,256,256.0,2025-03-30,29.00
3068,256,,2025-03-30,29
3069,256,256.0,2025-03-30,79
3070,256,256.0,2025-03-30,199.00
3071,256,256.0,2025-03-30,29
3072,256,256.0,2025-03-30,79
3073,256,256.0,2025-03-30,29
3074,256,256.0,2025-03-30,199.00
3075,256,256.0,2025-03-30,79
3076,256,256.0,2025-03-30,79
3077,256,256.0,2025-03-30,79
3078,256,256.0,2025-03-30,79
3079,256,256.0,2025-03-30,79
3080,256,256.0,2025-03-30,29
3081,257,257.0,2026-04-23,79
3082,257,257.0,2026-04-23,199.00
3083,257,257.0,2026-04-23,29
3084,257,257.0,2026-04-23,29
3085,257,257.0,2026-04-23,79
3086,257,257.0,2026-04-23,199.00
3087,257,257.0,2026-04-23,29
3088,257,257.0,2026-04-23,-29
3089,257,257.0,2026-04-23,79
3090,257,257.0,2026-04-23,29
3091,257,257.0,2026-04-23,79
3092,257,257.0,2026-04-23,29.00
3093,258,258.0,2025-07-19,29
3094,258,258.0,2025-07-19,29
3095,258,258.0,2025-07-19,79
3096,258,258.0,2025-07-19,79
3097,258,258.0,2025-07-19,199.00
3098,258,258.0,2025-07-19,199.00
3099,259,259.0,2025-07-05,79
3100,259,259.0,2025-07-05,29
3101,259,259.0,2025-07-05,79
3102,259,259.0,2025-07-05,199.00
3103,259,259.0,2025-07-05,199.00
3104,259,259.0,2025-07-05,29.00
3105,259,259.0,2025-07-05,199.00
3106,259,259.0,2025-07-05,29
3107,259,259.0,2025-07-05,29
3108,259,259.0,2025-07-05,79
3109,259,259.0,2025-07-05,199.00
3110,259,259.0,2025-07-05,79
3111,259,259.0,2025-07-05,79
3112,259,259.0,2025-07-05,29
3113,259,259.0,2025-07-05,79
3114,260,260.0,2025-12-12,29
3115,260,260.0,2025-12-12,29
3116,260,260.0,2025-12-12,29
3117,260,260.0,2025-12-12,79
3118,260,260.0,2025-12-12,29
3119,260,260.0,2025-12-12,29.00
3120,260,260.0,2025-12-12,79
3121,260,260.0,2025-12-12,79
3122,260,260.0,2025-12-12,199.00
3123,260,260.0,2025-12-12,79
3124,260,260.0,2025-12-12,199.00
3125,260,260.0,2025-12-12,199.00
3126,260,260.0,2025-12-12,29
3127,261,261.0,2025-02-18,29
3128,261,261.0,2025-02-18,79
3129,261,261.0,2025-02-18,79
3130,261,261.0,2025-02-18,79
3131,261,261.0,2025-02-18,79
3132,261,261.0,2025-02-18,29
3133,261,261.0,2025-02-18,79
3134,261,261.0,2025-02-18,29
3135,262,262.0,2025-08-14,29
3136,262,262.0,2025-08-14,79
3137,262,262.0,2025-08-14,79
3138,262,262.0,2025-08-14,79
3139,262,262.0,2025-08-14,79
3140,262,262.0,2025-08-14,29.00
3141,262,262.0,2025-08-14,199.00
3142,263,263.0,2025-12-29,29
3143,263,263.0,2025-12-29,199.00
3144,263,263.0,2025-12-29,29.00
3145,263,263.0,2025-12-29,29
3146,263,263.0,2025-12-29,29
3147,263,263.0,2025-12-29,29.00
3148,263,263.0,2025-12-29,79
3149,264,,2025-03-29,79
3150,264,264.0,2025-03-29,79
3151,264,264.0,2025-03-29,79
3152,264,264.0,2025-03-29,199.00
3153,264,264.0,2025-03-29,-29
3154,264,264.0,2025-03-29,29.00
3155,264,264.0,2025-03-29,199.00
3156,264,264.0,2025-03-29,29
3157,264,264.0,2025-03-29,29.00
3158,264,264.0,2025-03-29,79
3159,264,264.0,2025-03-29,29.00
3160,264,264.0,2025-03-29,29.00
3161,264,264.0,2025-03-29,29.00
3162,264,264.0,2025-03-29,79
3163,264,264.0,2025-03-29,-29
3164,264,264.0,2025-03-29,79
3165,264,264.0,2025-03-29,79
3166,265,265.0,2026-03-23,79
3167,265,265.0,2026-03-23,29
3168,265,265.0,2026-03-23,29
3169,265,265.0,2026-03-23,79
3170,265,265.0,2026-03-23,199.00
3171,265,265.0,2026-03-23,29
3172,265,265.0,2026-03-23,29
3173,265,,2026-03-23,29
3174,265,265.0,2026-03-23,79
3175,265,265.0,2026-03-23,79
3176,265,265.0,2026-03-23,79
3177,265,265.0,2026-03-23,199.00
3178,265,265.0,2026-03-23,29.00
3179,265,265.0,2026-03-23,29
3180,266,266.0,2024-08-04,199.00
3181,266,266.0,2024-08-04,29
3182,266,266.0,2024-08-04,79
3183,266,266.0,2024-08-04,29
3184,266,,2024-08-04,79
3185,266,266.0,2024-08-04,79
3186,266,266.0,2024-08-04,29
3187,266,266.0,2024-08-04,199.00
3188,266,266.0,2024-08-04,79
3189,266,266.0,2024-08-04,79
3190,266,266.0,2024-08-04,29
3191,266,266.0,2024-08-04,29.00
3192,267,267.0,2024-06-28,79
3193,267,267.0,2024-06-28,199.00
3194,267,267.0,2024-06-28,199.00
3195,267,267.0,2024-06-28,199.00
3196,267,267.0,2024-06-28,29.00
3197,267,,2024-06-28,-29
3198,267,267.0,2024-06-28,79
3199,267,267.0,2024-06-28,79
3200,267,267.0,2024-06-28,-29
3201,267,267.0,2024-06-28,79
3202,267,267.0,2024-06-28,29.00
3203,268,268.0,2026-01-17,79
3204,268,268.0,2026-01-17,29
3205,268,268.0,2026-01-17,29
3206,268,268.0,2026-01-17,29
3207,268,268.0,2026-01-17,29
3208,268,268.0,2026-01-17,29.00
3209,268,268.0,2026-01-17,29
3210,268,268.0,2026-01-17,29
3211,268,268.0,2026-01-17,29
3212,268,268.0,2026-01-17,29.00
3213,268,268.0,2026-01-17,29
3214,268,,2026-01-17,29.00
3215,268,268.0,2026-01-17,29.00
3216,268,268.0,2026-01-17,29
3217,268,268.0,2026-01-17,29
3218,268,268.0,2026-01-17,-29
3219,268,268.0,2026-01-17,29
3220,269,269.0,2024-08-13,79
3221,269,269.0,2024-08-13,29
3222,269,269.0,2024-08-13,29
3223,269,269.0,2024-08-13,199.00
3224,269,269.0,2024-08-13,79
3225,269,269.0,2024-08-13,199.00
3226,269,269.0,2024-08-13,199.00
3227,269,269.0,2024-08-13,79
3228,269,269.0,2024-08-13,29.00
3229,269,269.0,2024-08-13,29
3230,269,269.0,2024-08-13,79
3231,269,269.0,2024-08-13,199.00
3232,269,269.0,2024-08-13,79
3233,269,269.0,2024-08-13,29
3234,270,270.0,2025-03-08,199.00
3235,270,270.0,2025-03-08,29
3236,270,270.0,2025-03-08,79
3237,270,270.0,2025-03-08,199.00
3238,270,270.0,2025-03-08,-29
3239,270,270.0,2025-03-08,29
3240,270,270.0,2025-03-08,29.00
3241,270,270.0,2025-03-08,29
3242,270,,2025-03-08,29
3243,270,270.0,2025-03-08,29
3244,270,270.0,2025-03-08,29
3245,271,271.0,2024-07-27,29.00
3246,271,271.0,2024-07-27,79
3247,271,271.0,2024-07-27,199.00
3248,271,271.0,2024-07-27,79
3249,271,271.0,2024-07-27,29
3250,271,271.0,2024-07-27,79
3251,271,271.0,2024-07-27,79
3252,271,271.0,2024-07-27,79
3253,271,,2024-07-27,-29
3254,271,271.0,2024-07-27,79
3255,271,271.0,2024-07-27,29
3256,271,271.0,2024-07-27,29
3257,271,,2024-07-27,29
3258,271,271.0,2024-07-27,79
3259,272,272.0,2026-03-08,29
3260,272,272.0,2026-03-08,29
3261,272,272.0,2026-03-08,29
3262,272,272.0,2026-03-08,199.00
3263,272,272.0,2026-03-08,29
3264,272,,2026-03-08,29.00
3265,272,272.0,2026-03-08,29
3266,272,272.0,2026-03-08,199.00
3267,272,272.0,2026-03-08,29.00
3268,272,272.0,2026-03-08,79
3269,272,272.0,2026-03-08,29
3270,273,273.0,2025-08-12,29
3271,273,273.0,2025-08-12,79
3272,273,273.0,2025-08-12,29.00
3273,273,273.0,2025-08-12,29
3274,273,273.0,2025-08-12,79
3275,273,273.0,2025-08-12,79
3276,273,273.0,2025-08-12,199.00
3277,274,274.0,2025-12-25,29
3278,274,274.0,2025-12-25,29
3279,274,274.0,2025-12-25,29.00
3280,274,274.0,2025-12-25,29.00
3281,274,,2025-12-25,79
3282,274,274.0,2025-12-25,29.00
3283,274,274.0,2025-12-25,79
3284,274,274.0,2025-12-25,79
3285,274,274.0,2025-12-25,29
3286,275,275.0,2024-10-21,29
3287,275,275.0,2024-10-21,29
3288,275,275.0,2024-10-21,79
3289,275,275.0,2024-10-21,29.00
3290,275,275.0,2024-10-21,199.00
3291,275,275.0,2024-10-21,199.00
3292,275,275.0,2024-10-21,29
3293,275,275.0,2024-10-21,79
3294,275,275.0,2024-10-21,199.00
3295,275,275.0,2024-10-21,29
3296,275,275.0,2024-10-21,79
3297,275,275.0,2024-10-21,79
3298,275,275.0,2024-10-21,29
3299,275,275.0,2024-10-21,79
3300,276,276.0,2024-12-04,79
3301,276,276.0,2024-12-04,79
3302,276,276.0,2024-12-04,199.00
3303,276,276.0,2024-12-04,29
3304,276,276.0,2024-12-04,29
3305,276,276.0,2024-12-04,29
3306,276,276.0,2024-12-04,199.00
3307,276,276.0,2024-12-04,29.00
3308,277,277.0,2026-05-10,29.00
3309,277,,2026-05-10,79
3310,277,277.0,2026-05-10,29.00
3311,277,277.0,2026-05-10,79
3312,277,277.0,2026-05-10,199.00
3313,277,277.0,2026-05-10,29
3314,277,,2026-05-10,79
3315,277,277.0,2026-05-10,79
3316,278,278.0,2025-10-03,29
3317,278,278.0,2025-10-03,-29
3318,278,278.0,2025-10-03,79
3319,278,278.0,2025-10-03,79
3320,278,278.0,2025-10-03,29.00
3321,278,278.0,2025-10-03,29.00
3322,278,278.0,2025-10-03,199.00
3323,278,278.0,2025-10-03,29
3324,278,278.0,2025-10-03,79
3325,278,278.0,2025-10-03,29
3326,278,278.0,2025-10-03,79
3327,278,278.0,2025-10-03,79
3328,278,278.0,2025-10-03,79
3329,278,278.0,2025-10-03,79
3330,278,278.0,2025-10-03,29.00
3331,278,278.0,2025-10-03,79
3332,279,279.0,2026-02-09,79
3333,279,279.0,2026-02-09,199.00
3334,279,279.0,2026-02-09,79
3335,279,279.0,2026-02-09,29.00
3336,279,279.0,2026-02-09,29
3337,279,279.0,2026-02-09,29
3338,279,279.0,2026-02-09,79
3339,279,279.0,2026-02-09,29
3340,279,279.0,2026-02-09,29
3341,280,280.0,2024-08-09,199.00
3342,280,280.0,2024-08-09,79
3343,280,280.0,2024-08-09,79
3344,280,280.0,2024-08-09,29
3345,280,280.0,2024-08-09,79
3346,280,280.0,2024-08-09,29
3347,280,280.0,2024-08-09,29
3348,280,280.0,2024-08-09,29
3349,280,280.0,2024-08-09,79
3350,280,280.0,2024-08-09,29
3351,280,280.0,2024-08-09,79
3352,280,280.0,2024-08-09,29.00
3353,280,280.0,2024-08-09,29.00
3354,281,281.0,2025-10-16,29
3355,281,281.0,2025-10-16,79
3356,281,281.0,2025-10-16,79
3357,281,281.0,2025-10-16,29
3358,281,281.0,2025-10-16,29
3359,281,281.0,2025-10-16,199.00
3360,281,281.0,2025-10-16,79
3361,281,281.0,2025-10-16,199.00
3362,281,281.0,2025-10-16,199.00
3363,281,281.0,2025-10-16,79
3364,282,282.0,2024-10-07,79
3365,282,282.0,2024-10-07,29
3366,282,282.0,2024-10-07,29
3367,282,282.0,2024-10-07,79
3368,282,282.0,2024-10-07,79
3369,282,282.0,2024-10-07,79
3370,282,282.0,2024-10-07,79
3371,282,282.0,2024-10-07,29
3372,282,282.0,2024-10-07,29
3373,282,282.0,2024-10-07,79
3374,282,282.0,2024-10-07,29
3375,282,282.0,2024-10-07,79
3376,282,282.0,2024-10-07,29.00
3377,282,282.0,2024-10-07,79
3378,282,282.0,2024-10-07,199.00
3379,282,282.0,2024-10-07,29
3380,282,282.0,2024-10-07,79
3381,282,282.0,2024-10-07,-29
3382,283,283.0,2025-07-18,29.00
3383,283,283.0,2025-07-18,79
3384,283,283.0,2025-07-18,29
3385,283,283.0,2025-07-18,29.00
3386,283,283.0,2025-07-18,79
3387,283,283.0,2025-07-18,79
3388,283,283.0,2025-07-18,79
3389,283,283.0,2025-07-18,29.00
3390,283,283.0,2025-07-18,29.00
3391,284,284.0,2025-02-21,29
3392,284,284.0,2025-02-21,79
3393,284,284.0,2025-02-21,79
3394,284,284.0,2025-02-21,79
3395,284,284.0,2025-02-21,29
3396,284,284.0,2025-02-21,29
3397,284,284.0,2025-02-21,199.00
3398,284,284.0,2025-02-21,29
3399,284,284.0,2025-02-21,29.00
3400,284,284.0,2025-02-21,-29
3401,285,285.0,2025-12-22,199.00
3402,285,285.0,2025-12-22,29.00
3403,285,285.0,2025-12-22,199.00
3404,285,285.0,2025-12-22,29.00
3405,285,285.0,2025-12-22,29
3406,285,285.0,2025-12-22,199.00
3407,285,285.0,2025-12-22,79
3408,285,285.0,2025-12-22,79
3409,285,285.0,2025-12-22,29.00
3410,285,285.0,2025-12-22,79
3411,285,285.0,2025-12-22,79
3412,286,286.0,2025-08-09,199.00
3413,286,286.0,2025-08-09,79
3414,286,286.0,2025-08-09,199.00
3415,286,286.0,2025-08-09,29.00
3416,286,286.0,2025-08-09,79
3417,286,286.0,2025-08-09,29
3418,286,286.0,2025-08-09,29
3419,287,287.0,2025-01-19,29
3420,287,287.0,2025-01-19,199.00
3421,287,287.0,2025-01-19,29
3422,287,287.0,2025-01-19,29.00
3423,287,287.0,2025-01-19,79
3424,287,287.0,2025-01-19,-29
3425,287,287.0,2025-01-19,29
3426,287,287.0,2025-01-19,29
3427,287,287.0,2025-01-19,79
3428,287,287.0,2025-01-19,199.00
3429,287,287.0,2025-01-19,199.00
3430,288,288.0,2025-02-10,29
3431,288,288.0,2025-02-10,29.00
3432,288,288.0,2025-02-10,199.00
3433,288,288.0,2025-02-10,29
3434,288,288.0,2025-02-10,29
3435,288,288.0,2025-02-10,79
3436,288,288.0,2025-02-10,29
3437,288,288.0,2025-02-10,199.00
3438,288,288.0,2025-02-10,29.00
3439,288,288.0,2025-02-10,79
3440,288,288.0,2025-02-10,79
3441,288,288.0,2025-02-10,29
3442,288,288.0,2025-02-10,79
3443,288,288.0,2025-02-10,29
3444,289,289.0,2024-06-26,29
3445,289,289.0,2024-06-26,199.00
3446,289,289.0,2024-06-26,29
3447,289,289.0,2024-06-26,79
3448,289,289.0,2024-06-26,29
3449,289,289.0,2024-06-26,79
3450,289,289.0,2024-06-26,29
3451,289,289.0,2024-06-26,29.00
3452,289,289.0,2024-06-26,29
3453,289,289.0,2024-06-26,29
3454,289,289.0,2024-06-26,-29
3455,290,290.0,2025-04-22,199.00
3456,290,290.0,2025-04-22,29
3457,290,290.0,2025-04-22,29.00
3458,290,290.0,2025-04-22,29.00
3459,290,290.0,2025-04-22,79
3460,290,290.0,2025-04-22,29.00
3461,290,290.0,2025-04-22,29.00
3462,290,290.0,2025-04-22,29.00
3463,290,290.0,2025-04-22,79
3464,290,290.0,2025-04-22,29
3465,290,290.0,2025-04-22,29
3466,290,290.0,2025-04-22,29.00
3467,290,290.0,2025-04-22,79
3468,290,290.0,2025-04-22,29
3469,290,290.0,2025-04-22,199.00
3470,290,290.0,2025-04-22,29
3471,291,291.0,2024-11-29,79
3472,291,291.0,2024-11-29,79
3473,291,291.0,2024-11-29,79
3474,291,291.0,2024-11-29,79
3475,291,291.0,2024-11-29,79
3476,291,291.0,2024-11-29,29
3477,291,291.0,2024-11-29,79
3478,291,291.0,2024-11-29,29.00
3479,291,291.0,2024-11-29,29.00
3480,292,292.0,2024-10-08,29
3481,292,292.0,2024-10-08,29
3482,292,292.0,2024-10-08,29
3483,292,292.0,2024-10-08,79
3484,292,292.0,2024-10-08,79
3485,292,292.0,2024-10-08,79
3486,292,292.0,2024-10-08,29
3487,293,293.0,2024-08-08,29
3488,293,293.0,2024-08-08,79
3489,293,293.0,2024-08-08,199.00
3490,293,293.0,2024-08-08,79
3491,293,293.0,2024-08-08,29
3492,293,293.0,2024-08-08,199.00
3493,293,293.0,2024-08-08,79
3494,293,293.0,2024-08-08,79
3495,293,293.0,2024-08-08,79
3496,293,,2024-08-08,29.00
3497,293,293.0,2024-08-08,199.00
3498,293,293.0,2024-08-08,29.00
3499,293,293.0,2024-08-08,79
3500,293,293.0,2024-08-08,29
3501,293,293.0,2024-08-08,199.00
3502,294,,2025-10-06,29.00
3503,294,294.0,2025-10-06,29
3504,294,294.0,2025-10-06,79
3505,294,294.0,2025-10-06,79
3506,294,294.0,2025-10-06,29
3507,294,294.0,2025-10-06,29
3508,294,294.0,2025-10-06,29
3509,294,294.0,2025-10-06,29.00
3510,294,294.0,2025-10-06,79
3511,294,294.0,2025-10-06,199.00
3512,295,295.0,2026-04-16,79
3513,295,295.0,2026-04-16,199.00
3514,295,295.0,2026-04-16,29
3515,295,295.0,2026-04-16,29
3516,295,295.0,2026-04-16,29.00
3517,295,295.0,2026-04-16,79
3518,296,296.0,2025-04-03,79
3519,296,296.0,2025-04-03,29
3520,296,296.0,2025-04-03,29
3521,296,296.0,2025-04-03,199.00
3522,296,296.0,2025-04-03,29
3523,296,296.0,2025-04-03,29
3524,296,296.0,2025-04-03,-29
3525,296,296.0,2025-04-03,29
3526,296,296.0,2025-04-03,79
3527,296,296.0,2025-04-03,29.00
3528,296,296.0,2025-04-03,199.00
3529,296,296.0,2025-04-03,199.00
3530,296,296.0,2025-04-03,29.00
3531,296,296.0,2025-04-03,199.00
3532,296,296.0,2025-04-03,199.00
3533,296,296.0,2025-04-03,29
3534,297,297.0,2025-08-20,29.00
3535,297,297.0,2025-08-20,29.00
3536,297,297.0,2025-08-20,29
3537,297,297.0,2025-08-20,29
3538,297,297.0,2025-08-20,79
3539,297,297.0,2025-08-20,79
3540,297,297.0,2025-08-20,79
3541,297,297.0,2025-08-20,79
3542,297,297.0,2025-08-20,29.00
3543,297,297.0,2025-08-20,79
3544,298,298.0,2026-01-29,29
3545,298,298.0,2026-01-29,79
3546,298,298.0,2026-01-29,199.00
3547,298,,2026-01-29,29.00
3548,298,298.0,2026-01-29,29
3549,298,298.0,2026-01-29,199.00
3550,298,298.0,2026-01-29,29.00
3551,298,298.0,2026-01-29,29
3552,298,298.0,2026-01-29,29.00
3553,298,298.0,2026-01-29,79
3554,298,298.0,2026-01-29,79
3555,299,299.0,2025-09-29,79
3556,299,299.0,2025-09-29,199.00
3557,299,299.0,2025-09-29,29
3558,299,299.0,2025-09-29,199.00
3559,299,299.0,2025-09-29,29
3560,299,299.0,2025-09-29,199.00
3561,299,299.0,2025-09-29,79
3562,299,299.0,2025-09-29,79
3563,299,299.0,2025-09-29,79
3564,299,299.0,2025-09-29,79
3565,299,299.0,2025-09-29,29
3566,300,300.0,2025-05-17,29
3567,300,300.0,2025-05-17,29.00
3568,300,300.0,2025-05-17,199.00
3569,300,300.0,2025-05-17,79
3570,300,300.0,2025-05-17,29
3571,300,300.0,2025-05-17,29
3572,300,300.0,2025-05-17,29.00
3573,300,300.0,2025-05-17,79
3574,300,300.0,2025-05-17,199.00
3575,300,300.0,2025-05-17,79
3576,301,,2025-07-26,79
3577,301,301.0,2025-07-26,29
3578,301,301.0,2025-07-26,79
3579,301,301.0,2025-07-26,29.00
3580,301,301.0,2025-07-26,29
3581,301,301.0,2025-07-26,29
3582,301,301.0,2025-07-26,29
3583,301,301.0,2025-07-26,29
3584,301,301.0,2025-07-26,29
3585,301,301.0,2025-07-26,29.00
3586,301,301.0,2025-07-26,79
3587,301,301.0,2025-07-26,199.00
3588,301,301.0,2025-07-26,199.00
3589,301,301.0,2025-07-26,29
3590,302,302.0,2026-05-20,79
3591,302,302.0,2026-05-20,29
3592,302,302.0,2026-05-20,29.00
3593,302,302.0,2026-05-20,29.00
3594,302,302.0,2026-05-20,29.00
3595,302,302.0,2026-05-20,79
3596,302,302.0,2026-05-20,29
3597,302,302.0,2026-05-20,199.00
3598,302,302.0,2026-05-20,79
3599,303,303.0,2025-11-25,29
3600,303,303.0,2025-11-25,29.00
3601,303,303.0,2025-11-25,199.00
3602,303,303.0,2025-11-25,29.00
3603,303,303.0,2025-11-25,79
3604,303,303.0,2025-11-25,29
3605,303,303.0,2025-11-25,29.00
3606,303,303.0,2025-11-25,29
3607,303,303.0,2025-11-25,29.00
3608,303,303.0,2025-11-25,79
3609,303,303.0,2025-11-25,29
3610,303,303.0,2025-11-25,79
3611,303,303.0,2025-11-25,79
3612,303,303.0,2025-11-25,29
3613,303,303.0,2025-11-25,79
3614,303,303.0,2025-11-25,29
3615,303,303.0,2025-11-25,79
3616,304,304.0,2025-03-11,29.00
3617,304,304.0,2025-03-11,29
3618,304,304.0,2025-03-11,29.00
3619,304,304.0,2025-03-11,29
3620,304,304.0,2025-03-11,29
3621,304,304.0,2025-03-11,-29
3622,304,304.0,2025-03-11,199.00
3623,304,304.0,2025-03-11,79
3624,304,304.0,2025-03-11,29.00
3625,304,304.0,2025-03-11,29.00
3626,304,304.0,2025-03-11,199.00
3627,304,304.0,2025-03-11,29
3628,304,,2025-03-11,199.00
3629,304,304.0,2025-03-11,29
3630,304,304.0,2025-03-11,79
3631,304,304.0,2025-03-11,29.00
3632,304,304.0,2025-03-11,199.00
3633,305,305.0,2025-11-06,79
3634,305,305.0,2025-11-06,199.00
3635,305,305.0,2025-11-06,29
3636,305,,2025-11-06,199.00
3637,305,305.0,2025-11-06,79
3638,305,305.0,2025-11-06,199.00
3639,305,305.0,2025-11-06,79
3640,305,305.0,2025-11-06,79
3641,305,305.0,2025-11-06,29
3642,305,305.0,2025-11-06,199.00
3643,305,305.0,2025-11-06,79
3644,305,305.0,2025-11-06,79
3645,305,305.0,2025-11-06,199.00
3646,305,305.0,2025-11-06,29
3647,305,305.0,2025-11-06,29
3648,305,305.0,2025-11-06,79
3649,305,305.0,2025-11-06,79
3650,305,305.0,2025-11-06,79
3651,306,306.0,2025-04-18,79
3652,306,306.0,2025-04-18,79
3653,306,306.0,2025-04-18,79
3654,306,306.0,2025-04-18,199.00
3655,306,306.0,2025-04-18,29
3656,306,306.0,2025-04-18,29
3657,306,306.0,2025-04-18,29
3658,307,307.0,2026-02-17,29.00
3659,307,307.0,2026-02-17,79
3660,307,307.0,2026-02-17,29.00
3661,307,307.0,2026-02-17,79
3662,307,307.0,2026-02-17,199.00
3663,307,307.0,2026-02-17,199.00
3664,307,307.0,2026-02-17,29
3665,307,307.0,2026-02-17,29.00
3666,307,307.0,2026-02-17,29
3667,307,307.0,2026-02-17,29.00
3668,307,307.0,2026-02-17,29.00
3669,307,307.0,2026-02-17,-29
3670,307,307.0,2026-02-17,29
3671,307,307.0,2026-02-17,29
3672,307,307.0,2026-02-17,29
3673,307,307.0,2026-02-17,29
3674,307,307.0,2026-02-17,79
3675,308,308.0,2026-02-01,29.00
3676,308,308.0,2026-02-01,199.00
3677,308,308.0,2026-02-01,29.00
3678,308,308.0,2026-02-01,29
3679,308,308.0,2026-02-01,79
3680,308,308.0,2026-02-01,29
3681,308,308.0,2026-02-01,29
3682,308,308.0,2026-02-01,29
3683,308,308.0,2026-02-01,29
3684,308,,2026-02-01,29.00
3685,308,308.0,2026-02-01,29.00
3686,308,308.0,2026-02-01,79
3687,308,308.0,2026-02-01,79
3688,309,309.0,2025-08-25,79
3689,309,309.0,2025-08-25,29
3690,309,309.0,2025-08-25,29.00
3691,309,309.0,2025-08-25,79
3692,309,309.0,2025-08-25,79
3693,309,309.0,2025-08-25,199.00
3694,309,,2025-08-25,79
3695,310,310.0,2024-06-13,79
3696,310,310.0,2024-06-13,29
3697,310,310.0,2024-06-13,29
3698,310,310.0,2024-06-13,79
3699,310,310.0,2024-06-13,79
3700,310,310.0,2024-06-13,79
3701,310,310.0,2024-06-13,79
3702,310,310.0,2024-06-13,29
3703,310,310.0,2024-06-13,29.00
3704,310,310.0,2024-06-13,29
3705,310,310.0,2024-06-13,79
3706,310,310.0,2024-06-13,29
3707,310,310.0,2024-06-13,79
3708,310,310.0,2024-06-13,29
3709,310,310.0,2024-06-13,29
3710,310,310.0,2024-06-13,79
3711,310,310.0,2024-06-13,29.00
3712,310,310.0,2024-06-13,199.00
3713,311,311.0,2026-01-11,79
3714,311,311.0,2026-01-11,29
3715,311,311.0,2026-01-11,29
3716,311,311.0,2026-01-11,29
3717,311,311.0,2026-01-11,199.00
3718,311,311.0,2026-01-11,29
3719,312,312.0,2026-05-01,199.00
3720,312,312.0,2026-05-01,199.00
3721,312,312.0,2026-05-01,29
3722,312,312.0,2026-05-01,199.00
3723,312,312.0,2026-05-01,29.00
3724,312,312.0,2026-05-01,29
3725,312,312.0,2026-05-01,29
3726,312,312.0,2026-05-01,29
3727,312,312.0,2026-05-01,79
3728,312,312.0,2026-05-01,199.00
3729,312,312.0,2026-05-01,199.00
3730,312,312.0,2026-05-01,199.00
3731,312,312.0,2026-05-01,199.00
3732,312,312.0,2026-05-01,199.00
3733,312,312.0,2026-05-01,79
3734,313,313.0,2025-08-10,79
3735,313,313.0,2025-08-10,29.00
3736,313,313.0,2025-08-10,29
3737,313,313.0,2025-08-10,29
3738,313,313.0,2025-08-10,199.00
3739,313,313.0,2025-08-10,29
3740,313,313.0,2025-08-10,199.00
3741,313,313.0,2025-08-10,199.00
3742,313,313.0,2025-08-10,29
3743,313,313.0,2025-08-10,29
3744,314,314.0,2026-02-02,199.00
3745,314,314.0,2026-02-02,199.00
3746,314,314.0,2026-02-02,79
3747,314,314.0,2026-02-02,29.00
3748,314,314.0,2026-02-02,29
3749,314,314.0,2026-02-02,29
3750,314,314.0,2026-02-02,29
3751,314,314.0,2026-02-02,199.00
3752,314,314.0,2026-02-02,79
3753,314,314.0,2026-02-02,29.00
3754,314,314.0,2026-02-02,199.00
3755,314,314.0,2026-02-02,29.00
3756,314,314.0,2026-02-02,79
3757,314,314.0,2026-02-02,29
3758,314,314.0,2026-02-02,29.00
3759,314,314.0,2026-02-02,29
3760,314,314.0,2026-02-02,79
3761,315,315.0,2026-05-04,79
3762,315,315.0,2026-05-04,29
3763,315,315.0,2026-05-04,29
3764,315,315.0,2026-05-04,29
3765,315,315.0,2026-05-04,29
3766,315,315.0,2026-05-04,29.00
3767,315,315.0,2026-05-04,79
3768,315,315.0,2026-05-04,79
3769,315,315.0,2026-05-04,29.00
3770,315,315.0,2026-05-04,29
3771,315,315.0,2026-05-04,29
3772,315,315.0,2026-05-04,79
3773,315,315.0,2026-05-04,29
3774,315,315.0,2026-05-04,29
3775,315,315.0,2026-05-04,29
3776,315,315.0,2026-05-04,79
3777,316,316.0,2024-09-16,29
3778,316,316.0,2024-09-16,29
3779,316,316.0,2024-09-16,29
3780,316,316.0,2024-09-16,29
3781,316,316.0,2024-09-16,29.00
3782,316,316.0,2024-09-16,29.00
3783,316,316.0,2024-09-16,199.00
3784,316,316.0,2024-09-16,-29
3785,316,316.0,2024-09-16,29
3786,316,316.0,2024-09-16,199.00
3787,316,316.0,2024-09-16,79
3788,316,316.0,2024-09-16,29
3789,316,316.0,2024-09-16,29.00
3790,316,316.0,2024-09-16,29
3791,316,316.0,2024-09-16,79
3792,316,316.0,2024-09-16,29
3793,317,317.0,2025-09-27,29.00
3794,317,,2025-09-27,29
3795,317,317.0,2025-09-27,79
3796,317,317.0,2025-09-27,199.00
3797,317,317.0,2025-09-27,29
3798,317,317.0,2025-09-27,29
3799,317,317.0,2025-09-27,29.00
3800,317,317.0,2025-09-27,79
3801,317,317.0,2025-09-27,79
3802,317,317.0,2025-09-27,79
3803,317,317.0,2025-09-27,29
3804,317,317.0,2025-09-27,199.00
3805,317,317.0,2025-09-27,29
3806,317,317.0,2025-09-27,79
3807,317,317.0,2025-09-27,79
3808,318,318.0,2026-02-01,29
3809,318,318.0,2026-02-01,79
3810,318,318.0,2026-02-01,199.00
3811,318,318.0,2026-02-01,29
3812,318,318.0,2026-02-01,79
3813,318,,2026-02-01,199.00
3814,318,318.0,2026-02-01,199.00
3815,318,318.0,2026-02-01,79
3816,318,318.0,2026-02-01,29
3817,318,318.0,2026-02-01,79
3818,318,318.0,2026-02-01,79
3819,318,318.0,2026-02-01,29
3820,319,,2025-02-28,29
3821,319,319.0,2025-02-28,29
3822,319,319.0,2025-02-28,29
3823,319,319.0,2025-02-28,199.00
3824,319,319.0,2025-02-28,79
3825,319,319.0,2025-02-28,199.00
3826,319,319.0,2025-02-28,29
3827,319,319.0,2025-02-28,29.00
3828,320,320.0,2024-09-23,29
3829,320,320.0,2024-09-23,79
3830,320,320.0,2024-09-23,29
3831,320,320.0,2024-09-23,29
3832,320,320.0,2024-09-23,29
3833,320,320.0,2024-09-23,199.00
3834,321,321.0,2024-10-26,29.00
3835,321,321.0,2024-10-26,79
3836,321,321.0,2024-10-26,29.00
3837,321,321.0,2024-10-26,79
3838,321,321.0,2024-10-26,79
3839,321,321.0,2024-10-26,29.00
3840,321,321.0,2024-10-26,79
3841,321,321.0,2024-10-26,29
3842,321,321.0,2024-10-26,29
3843,321,321.0,2024-10-26,29
3844,321,321.0,2024-10-26,199.00
3845,321,321.0,2024-10-26,29
3846,321,321.0,2024-10-26,79
3847,321,321.0,2024-10-26,79
3848,321,321.0,2024-10-26,29
3849,321,321.0,2024-10-26,-29
3850,321,321.0,2024-10-26,29
3851,321,321.0,2024-10-26,199.00
3852,322,322.0,2024-12-05,79
3853,322,322.0,2024-12-05,29
3854,322,322.0,2024-12-05,29
3855,322,322.0,2024-12-05,79
3856,322,322.0,2024-12-05,29
3857,322,322.0,2024-12-05,29.00
3858,322,322.0,2024-12-05,29
3859,322,322.0,2024-12-05,29
3860,322,322.0,2024-12-05,199.00
3861,322,322.0,2024-12-05,79
3862,323,323.0,2024-09-15,29.00
3863,323,323.0,2024-09-15,29
3864,323,323.0,2024-09-15,199.00
3865,323,323.0,2024-09-15,29
3866,323,323.0,2024-09-15,79
3867,323,323.0,2024-09-15,199.00
3868,323,323.0,2024-09-15,199.00
3869,323,323.0,2024-09-15,79
3870,323,323.0,2024-09-15,79
3871,323,323.0,2024-09-15,79
3872,323,323.0,2024-09-15,79
3873,323,323.0,2024-09-15,29
3874,324,324.0,2025-07-07,199.00
3875,324,324.0,2025-07-07,29.00
3876,324,324.0,2025-07-07,29.00
3877,324,324.0,2025-07-07,29
3878,324,324.0,2025-07-07,29
3879,324,324.0,2025-07-07,79
3880,324,324.0,2025-07-07,-29
3881,324,324.0,2025-07-07,199.00
3882,324,324.0,2025-07-07,29.00
3883,324,324.0,2025-07-07,29
3884,324,324.0,2025-07-07,79
3885,324,324.0,2025-07-07,29
3886,324,324.0,2025-07-07,29
3887,324,324.0,2025-07-07,29.00
3888,324,324.0,2025-07-07,29.00
3889,325,325.0,2025-06-18,79
3890,325,325.0,2025-06-18,29.00
3891,325,325.0,2025-06-18,-29
3892,325,325.0,2025-06-18,199.00
3893,325,325.0,2025-06-18,79
3894,325,325.0,2025-06-18,79
3895,325,325.0,2025-06-18,79
3896,325,325.0,2025-06-18,199.00
3897,325,325.0,2025-06-18,79
3898,325,325.0,2025-06-18,29
3899,325,325.0,2025-06-18,199.00
3900,325,325.0,2025-06-18,199.00
3901,325,325.0,2025-06-18,79
3902,325,325.0,2025-06-18,29.00
3903,325,325.0,2025-06-18,79
3904,325,325.0,2025-06-18,29.00
3905,325,325.0,2025-06-18,29.00
3906,325,325.0,2025-06-18,29.00
3907,326,326.0,2025-01-09,79
3908,326,326.0,2025-01-09,29
3909,326,326.0,2025-01-09,79
3910,326,326.0,2025-01-09,79
3911,326,326.0,2025-01-09,79
3912,326,326.0,2025-01-09,29
3913,326,326.0,2025-01-09,29
3914,326,326.0,2025-01-09,199.00
3915,326,326.0,2025-01-09,199.00
3916,326,326.0,2025-01-09,199.00
3917,326,326.0,2025-01-09,79
3918,326,326.0,2025-01-09,29.00
3919,326,326.0,2025-01-09,29
3920,326,326.0,2025-01-09,199.00
3921,326,326.0,2025-01-09,79
3922,326,326.0,2025-01-09,29
3923,326,326.0,2025-01-09,79
3924,327,327.0,2024-08-16,79
3925,327,327.0,2024-08-16,29
3926,327,327.0,2024-08-16,29.00
3927,327,327.0,2024-08-16,29
3928,327,327.0,2024-08-16,29
3929,327,327.0,2024-08-16,79
3930,327,327.0,2024-08-16,29
3931,327,327.0,2024-08-16,79
3932,327,327.0,2024-08-16,29
3933,327,327.0,2024-08-16,29
3934,327,327.0,2024-08-16,29
3935,327,327.0,2024-08-16,199.00
3936,327,327.0,2024-08-16,29
3937,327,327.0,2024-08-16,29.00
3938,328,328.0,2024-09-03,199.00
3939,328,328.0,2024-09-03,79
3940,328,328.0,2024-09-03,199.00
3941,328,328.0,2024-09-03,29
3942,328,328.0,2024-09-03,29
3943,328,328.0,2024-09-03,79
3944,328,328.0,2024-09-03,29
3945,328,328.0,2024-09-03,29
3946,328,328.0,2024-09-03,79
3947,329,,2025-07-02,79
3948,329,329.0,2025-07-02,79
3949,329,329.0,2025-07-02,79
3950,329,329.0,2025-07-02,199.00
3951,329,329.0,2025-07-02,29
3952,329,329.0,2025-07-02,29
3953,329,329.0,2025-07-02,79
3954,329,329.0,2025-07-02,199.00
3955,329,329.0,2025-07-02,29.00
3956,329,329.0,2025-07-02,79
3957,329,329.0,2025-07-02,29.00
3958,329,329.0,2025-07-02,79
3959,329,329.0,2025-07-02,29
3960,329,329.0,2025-07-02,29
3961,329,329.0,2025-07-02,199.00
3962,330,330.0,2025-12-07,29
3963,330,330.0,2025-12-07,79
3964,330,330.0,2025-12-07,79
3965,330,330.0,2025-12-07,29
3966,330,330.0,2025-12-07,29.00
3967,330,330.0,2025-12-07,29.00
3968,330,330.0,2025-12-07,79
3969,330,330.0,2025-12-07,199.00
3970,330,330.0,2025-12-07,79
3971,331,331.0,2025-02-22,199.00
3972,331,331.0,2025-02-22,79
3973,331,331.0,2025-02-22,-29
3974,331,331.0,2025-02-22,29
3975,331,331.0,2025-02-22,29.00
3976,331,331.0,2025-02-22,29
3977,331,331.0,2025-02-22,199.00
3978,331,331.0,2025-02-22,-29
3979,331,331.0,2025-02-22,79
3980,331,331.0,2025-02-22,29.00
3981,331,331.0,2025-02-22,79
3982,332,332.0,2025-12-07,79
3983,332,332.0,2025-12-07,29
3984,332,332.0,2025-12-07,199.00
3985,332,332.0,2025-12-07,79
3986,332,332.0,2025-12-07,29
3987,332,332.0,2025-12-07,29
3988,332,332.0,2025-12-07,79
3989,332,332.0,2025-12-07,29
3990,332,332.0,2025-12-07,29.00
3991,332,332.0,2025-12-07,79
3992,332,332.0,2025-12-07,29.00
3993,332,332.0,2025-12-07,199.00
3994,332,332.0,2025-12-07,29
3995,332,332.0,2025-12-07,29
3996,332,332.0,2025-12-07,199.00
3997,332,332.0,2025-12-07,79
3998,332,332.0,2025-12-07,29
3999,333,333.0,2024-06-11,79
4000,333,333.0,2024-06-11,29
4001,333,333.0,2024-06-11,79
4002,333,333.0,2024-06-11,29
4003,333,333.0,2024-06-11,29
4004,333,333.0,2024-06-11,79
4005,333,333.0,2024-06-11,79
4006,333,333.0,2024-06-11,199.00
4007,333,333.0,2024-06-11,29
4008,333,333.0,2024-06-11,79
4009,334,334.0,2025-08-04,199.00
4010,334,334.0,2025-08-04,199.00
4011,334,334.0,2025-08-04,79
4012,334,334.0,2025-08-04,29.00
4013,334,334.0,2025-08-04,199.00
4014,334,334.0,2025-08-04,199.00
4015,334,334.0,2025-08-04,29
4016,334,,2025-08-04,79
4017,334,334.0,2025-08-04,29.00
4018,334,334.0,2025-08-04,29.00
4019,334,334.0,2025-08-04,79
4020,334,334.0,2025-08-04,79
4021,334,334.0,2025-08-04,199.00
4022,334,334.0,2025-08-04,29.00
4023,334,334.0,2025-08-04,29
4024,335,335.0,2024-06-22,29
4025,335,335.0,2024-06-22,199.00
4026,335,335.0,2024-06-22,79
4027,335,335.0,2024-06-22,29.00
4028,335,335.0,2024-06-22,79
4029,335,335.0,2024-06-22,29
4030,335,335.0,2024-06-22,199.00
4031,336,336.0,2025-07-18,79
4032,336,336.0,2025-07-18,29.00
4033,336,336.0,2025-07-18,79
4034,336,336.0,2025-07-18,29
4035,336,336.0,2025-07-18,29
4036,336,336.0,2025-07-18,29.00
4037,336,336.0,2025-07-18,79
4038,336,,2025-07-18,29
4039,336,336.0,2025-07-18,79
4040,337,337.0,2025-05-23,29
4041,337,337.0,2025-05-23,199.00
4042,337,337.0,2025-05-23,29
4043,337,337.0,2025-05-23,-29
4044,337,337.0,2025-05-23,199.00
4045,337,337.0,2025-05-23,29.00
4046,337,337.0,2025-05-23,29
4047,337,337.0,2025-05-23,199.00
4048,337,337.0,2025-05-23,79
4049,337,337.0,2025-05-23,199.00
4050,337,337.0,2025-05-23,29.00
4051,338,338.0,2025-04-21,29
4052,338,338.0,2025-04-21,29.00
4053,338,338.0,2025-04-21,29
4054,338,338.0,2025-04-21,29
4055,338,338.0,2025-04-21,29
4056,338,338.0,2025-04-21,79
4057,338,338.0,2025-04-21,79
4058,338,338.0,2025-04-21,-29
4059,338,338.0,2025-04-21,29
4060,338,338.0,2025-04-21,79
4061,338,338.0,2025-04-21,79
4062,339,339.0,2024-08-01,79
4063,339,339.0,2024-08-01,29.00
4064,339,339.0,2024-08-01,79
4065,339,339.0,2024-08-01,79
4066,339,339.0,2024-08-01,29.00
4067,339,339.0,2024-08-01,29.00
4068,339,339.0,2024-08-01,29
4069,339,339.0,2024-08-01,79
4070,339,339.0,2024-08-01,29.00
4071,339,339.0,2024-08-01,199.00
4072,340,340.0,2024-08-13,29.00
4073,340,340.0,2024-08-13,29.00
4074,340,340.0,2024-08-13,29
4075,340,340.0,2024-08-13,199.00
4076,340,340.0,2024-08-13,-29
4077,340,340.0,2024-08-13,29.00
4078,340,340.0,2024-08-13,79
4079,340,340.0,2024-08-13,29.00
4080,340,340.0,2024-08-13,79
4081,340,340.0,2024-08-13,79
4082,340,340.0,2024-08-13,29
4083,340,340.0,2024-08-13,79
4084,340,340.0,2024-08-13,29.00
4085,340,340.0,2024-08-13,79
4086,340,340.0,2024-08-13,29
4087,340,340.0,2024-08-13,79
4088,340,340.0,2024-08-13,79
4089,340,340.0,2024-08-13,29.00
4090,341,341.0,2024-11-09,199.00
4091,341,341.0,2024-11-09,29
4092,341,341.0,2024-11-09,29
4093,341,341.0,2024-11-09,29.00
4094,341,341.0,2024-11-09,79
4095,341,341.0,2024-11-09,29.00
4096,341,341.0,2024-11-09,199.00
4097,341,341.0,2024-11-09,29.00
4098,341,341.0,2024-11-09,29
4099,341,341.0,2024-11-09,29.00
4100,341,341.0,2024-11-09,29.00
4101,341,341.0,2024-11-09,29.00
4102,341,341.0,2024-11-09,29.00
4103,341,341.0,2024-11-09,29.00
4104,342,342.0,2025-10-04,79
4105,342,342.0,2025-10-04,79
4106,342,342.0,2025-10-04,29.00
4107,342,342.0,2025-10-04,29
4108,342,342.0,2025-10-04,29
4109,342,342.0,2025-10-04,79
4110,343,343.0,2025-08-20,29.00
4111,343,343.0,2025-08-20,29.00
4112,343,343.0,2025-08-20,79
4113,343,343.0,2025-08-20,29
4114,343,343.0,2025-08-20,29
4115,343,343.0,2025-08-20,199.00
4116,343,343.0,2025-08-20,29.00
4117,343,,2025-08-20,29
4118,343,343.0,2025-08-20,29
4119,343,343.0,2025-08-20,199.00
4120,343,343.0,2025-08-20,79
4121,343,343.0,2025-08-20,199.00
4122,343,343.0,2025-08-20,199.00
4123,344,344.0,2025-08-23,199.00
4124,344,344.0,2025-08-23,199.00
4125,344,344.0,2025-08-23,29
4126,344,344.0,2025-08-23,199.00
4127,344,344.0,2025-08-23,29
4128,344,344.0,2025-08-23,79
4129,344,344.0,2025-08-23,79
4130,345,345.0,2024-07-06,199.00
4131,345,345.0,2024-07-06,29
4132,345,345.0,2024-07-06,29
4133,345,345.0,2024-07-06,79
4134,345,345.0,2024-07-06,199.00
4135,345,345.0,2024-07-06,199.00
4136,345,345.0,2024-07-06,79
4137,345,345.0,2024-07-06,199.00
4138,345,345.0,2024-07-06,79
4139,345,345.0,2024-07-06,29
4140,346,346.0,2025-04-07,199.00
4141,346,346.0,2025-04-07,79
4142,346,346.0,2025-04-07,199.00
4143,346,346.0,2025-04-07,79
4144,346,346.0,2025-04-07,79
4145,346,346.0,2025-04-07,79
4146,346,346.0,2025-04-07,79
4147,346,346.0,2025-04-07,29
4148,346,346.0,2025-04-07,29
4149,346,346.0,2025-04-07,29
4150,346,346.0,2025-04-07,29
4151,346,346.0,2025-04-07,79
4152,346,346.0,2025-04-07,199.00
4153,346,346.0,2025-04-07,29.00
4154,346,346.0,2025-04-07,79
4155,347,347.0,2025-01-09,29
4156,347,347.0,2025-01-09,199.00
4157,347,347.0,2025-01-09,29
4158,347,347.0,2025-01-09,199.00
4159,347,347.0,2025-01-09,79
4160,347,347.0,2025-01-09,79
4161,347,347.0,2025-01-09,79
4162,347,347.0,2025-01-09,29
4163,347,347.0,2025-01-09,-29
4164,347,347.0,2025-01-09,29
4165,347,347.0,2025-01-09,79
4166,347,347.0,2025-01-09,29.00
4167,347,347.0,2025-01-09,29.00
4168,348,348.0,2024-12-03,199.00
4169,348,348.0,2024-12-03,29.00
4170,348,348.0,2024-12-03,199.00
4171,348,348.0,2024-12-03,29
4172,348,348.0,2024-12-03,29
4173,348,348.0,2024-12-03,29
4174,348,348.0,2024-12-03,-29
4175,348,348.0,2024-12-03,199.00
4176,349,349.0,2025-01-09,29
4177,349,349.0,2025-01-09,79
4178,349,349.0,2025-01-09,79
4179,349,349.0,2025-01-09,79
4180,349,349.0,2025-01-09,79
4181,349,349.0,2025-01-09,79
4182,349,349.0,2025-01-09,29
4183,349,349.0,2025-01-09,29
4184,350,350.0,2025-09-29,199.00
4185,350,350.0,2025-09-29,199.00
4186,350,350.0,2025-09-29,29.00
4187,350,350.0,2025-09-29,79
4188,350,350.0,2025-09-29,29
4189,350,350.0,2025-09-29,199.00
4190,350,350.0,2025-09-29,79
4191,351,351.0,2026-03-10,79
4192,351,351.0,2026-03-10,29
4193,351,351.0,2026-03-10,79
4194,351,351.0,2026-03-10,29
4195,351,351.0,2026-03-10,29
4196,351,351.0,2026-03-10,199.00
4197,351,351.0,2026-03-10,-29
4198,351,351.0,2026-03-10,79
4199,351,351.0,2026-03-10,79
4200,351,351.0,2026-03-10,79
4201,351,351.0,2026-03-10,29.00
4202,351,351.0,2026-03-10,79
4203,351,351.0,2026-03-10,199.00
4204,352,352.0,2025-04-11,29
4205,352,352.0,2025-04-11,29
4206,352,352.0,2025-04-11,199.00
4207,352,352.0,2025-04-11,29.00
4208,352,352.0,2025-04-11,79
4209,352,352.0,2025-04-11,29
4210,352,352.0,2025-04-11,199.00
4211,352,352.0,2025-04-11,199.00
4212,352,352.0,2025-04-11,29.00
4213,352,352.0,2025-04-11,199.00
4214,352,352.0,2025-04-11,29
4215,352,352.0,2025-04-11,29.00
4216,352,352.0,2025-04-11,29
4217,352,352.0,2025-04-11,79
4218,352,352.0,2025-04-11,29
4219,353,353.0,2025-02-17,-29
4220,353,353.0,2025-02-17,-29
4221,353,353.0,2025-02-17,79
4222,353,353.0,2025-02-17,29.00
4223,353,353.0,2025-02-17,29.00
4224,353,353.0,2025-02-17,29
4225,354,354.0,2026-03-14,199.00
4226,354,354.0,2026-03-14,79
4227,354,354.0,2026-03-14,29
4228,354,354.0,2026-03-14,29
4229,354,354.0,2026-03-14,29
4230,354,354.0,2026-03-14,79
4231,354,354.0,2026-03-14,79
4232,354,354.0,2026-03-14,79
4233,354,354.0,2026-03-14,199.00
4234,354,354.0,2026-03-14,79
4235,354,354.0,2026-03-14,29
4236,354,354.0,2026-03-14,29.00
4237,354,354.0,2026-03-14,79
4238,355,355.0,2025-10-28,29
4239,355,355.0,2025-10-28,79
4240,355,355.0,2025-10-28,79
4241,355,355.0,2025-10-28,29.00
4242,355,355.0,2025-10-28,29.00
4243,355,355.0,2025-10-28,79
4244,355,355.0,2025-10-28,29
4245,355,355.0,2025-10-28,79
4246,355,355.0,2025-10-28,29
4247,355,355.0,2025-10-28,79
4248,355,355.0,2025-10-28,29
4249,355,355.0,2025-10-28,79
4250,355,355.0,2025-10-28,199.00
4251,355,355.0,2025-10-28,29
4252,356,356.0,2024-06-07,79
4253,356,356.0,2024-06-07,29
4254,356,356.0,2024-06-07,29.00
4255,356,356.0,2024-06-07,29.00
4256,356,356.0,2024-06-07,29.00
4257,356,356.0,2024-06-07,-29
4258,356,356.0,2024-06-07,29.00
4259,356,356.0,2024-06-07,-29
4260,356,356.0,2024-06-07,29
4261,356,356.0,2024-06-07,29.00
4262,356,356.0,2024-06-07,29
4263,356,356.0,2024-06-07,79
4264,356,356.0,2024-06-07,79
4265,356,356.0,2024-06-07,199.00
4266,356,356.0,2024-06-07,199.00
4267,356,356.0,2024-06-07,-29
4268,356,356.0,2024-06-07,79
4269,357,357.0,2026-05-23,29
4270,357,357.0,2026-05-23,199.00
4271,357,357.0,2026-05-23,199.00
4272,357,357.0,2026-05-23,29
4273,357,357.0,2026-05-23,29
4274,357,357.0,2026-05-23,199.00
4275,357,357.0,2026-05-23,199.00
4276,357,357.0,2026-05-23,29
4277,357,357.0,2026-05-23,29
4278,357,357.0,2026-05-23,29.00
4279,357,357.0,2026-05-23,79
4280,357,357.0,2026-05-23,29
4281,357,357.0,2026-05-23,29.00
4282,357,357.0,2026-05-23,29
4283,357,357.0,2026-05-23,29.00
4284,358,358.0,2024-06-08,29
4285,358,358.0,2024-06-08,29.00
4286,358,358.0,2024-06-08,29
4287,358,358.0,2024-06-08,29
4288,358,358.0,2024-06-08,29.00
4289,358,358.0,2024-06-08,199.00
4290,358,358.0,2024-06-08,29
4291,358,358.0,2024-06-08,199.00
4292,358,358.0,2024-06-08,-29
4293,358,358.0,2024-06-08,29.00
4294,358,358.0,2024-06-08,29.00
4295,358,358.0,2024-06-08,29
4296,358,358.0,2024-06-08,79
4297,358,358.0,2024-06-08,29.00
4298,358,358.0,2024-06-08,29
4299,359,359.0,2024-11-24,79
4300,359,359.0,2024-11-24,79
4301,359,359.0,2024-11-24,199.00
4302,359,359.0,2024-11-24,29
4303,359,359.0,2024-11-24,79
4304,359,359.0,2024-11-24,79
4305,360,360.0,2026-03-31,29
4306,360,360.0,2026-03-31,79
4307,360,360.0,2026-03-31,79
4308,360,360.0,2026-03-31,29.00
4309,360,360.0,2026-03-31,79
4310,360,360.0,2026-03-31,29
4311,360,360.0,2026-03-31,29
4312,360,360.0,2026-03-31,199.00
4313,360,360.0,2026-03-31,79
4314,360,360.0,2026-03-31,29.00
4315,360,360.0,2026-03-31,79
4316,360,360.0,2026-03-31,79
4317,360,360.0,2026-03-31,199.00
4318,360,360.0,2026-03-31,29.00
4319,360,360.0,2026-03-31,79
4320,361,361.0,2024-11-28,79
4321,361,361.0,2024-11-28,29
4322,361,361.0,2024-11-28,29.00
4323,361,361.0,2024-11-28,79
4324,361,361.0,2024-11-28,79
4325,361,361.0,2024-11-28,29
4326,361,361.0,2024-11-28,79
4327,361,361.0,2024-11-28,-29
4328,361,361.0,2024-11-28,79
4329,361,361.0,2024-11-28,199.00
4330,361,361.0,2024-11-28,199.00
4331,361,361.0,2024-11-28,29.00
4332,361,361.0,2024-11-28,29.00
4333,362,362.0,2024-07-17,29
4334,362,362.0,2024-07-17,29
4335,362,362.0,2024-07-17,29
4336,362,362.0,2024-07-17,29
4337,362,362.0,2024-07-17,29.00
4338,362,362.0,2024-07-17,79
4339,362,362.0,2024-07-17,79
4340,362,362.0,2024-07-17,29
4341,362,362.0,2024-07-17,29.00
4342,362,362.0,2024-07-17,79
4343,362,362.0,2024-07-17,79
4344,362,362.0,2024-07-17,79
4345,362,362.0,2024-07-17,29.00
4346,362,362.0,2024-07-17,29.00
4347,362,362.0,2024-07-17,29
4348,362,362.0,2024-07-17,79
4349,363,363.0,2025-08-05,79
4350,363,363.0,2025-08-05,29
4351,363,363.0,2025-08-05,79
4352,363,363.0,2025-08-05,29
4353,363,363.0,2025-08-05,29.00
4354,363,363.0,2025-08-05,29.00
4355,363,363.0,2025-08-05,199.00
4356,363,363.0,2025-08-05,29
4357,363,363.0,2025-08-05,29
4358,363,363.0,2025-08-05,-29
4359,363,363.0,2025-08-05,79
4360,363,363.0,2025-08-05,29
4361,363,363.0,2025-08-05,79
4362,364,364.0,2025-06-21,29.00
4363,364,364.0,2025-06-21,79
4364,364,364.0,2025-06-21,199.00
4365,364,364.0,2025-06-21,79
4366,364,364.0,2025-06-21,-29
4367,364,364.0,2025-06-21,29
4368,364,364.0,2025-06-21,79
4369,364,364.0,2025-06-21,29
4370,364,364.0,2025-06-21,79
4371,364,364.0,2025-06-21,79
4372,364,364.0,2025-06-21,29
4373,364,364.0,2025-06-21,79
4374,364,364.0,2025-06-21,79
4375,364,364.0,2025-06-21,199.00
4376,364,364.0,2025-06-21,-29
4377,364,364.0,2025-06-21,29
4378,365,,2025-08-01,29
4379,365,365.0,2025-08-01,29
4380,365,365.0,2025-08-01,79
4381,365,365.0,2025-08-01,79
4382,365,365.0,2025-08-01,199.00
4383,365,365.0,2025-08-01,199.00
4384,365,365.0,2025-08-01,29
4385,365,365.0,2025-08-01,-29
4386,365,365.0,2025-08-01,29.00
4387,365,365.0,2025-08-01,79
4388,365,365.0,2025-08-01,79
4389,365,365.0,2025-08-01,79
4390,365,365.0,2025-08-01,29
4391,365,365.0,2025-08-01,29
4392,365,365.0,2025-08-01,29
4393,365,365.0,2025-08-01,29.00
4394,365,365.0,2025-08-01,29.00
4395,365,365.0,2025-08-01,29
4396,366,366.0,2025-01-27,199.00
4397,366,366.0,2025-01-27,79
4398,366,366.0,2025-01-27,79
4399,366,366.0,2025-01-27,29.00
4400,366,366.0,2025-01-27,199.00
4401,366,366.0,2025-01-27,29
4402,366,366.0,2025-01-27,199.00
4403,366,366.0,2025-01-27,79
4404,366,366.0,2025-01-27,199.00
4405,366,366.0,2025-01-27,199.00
4406,366,366.0,2025-01-27,29
4407,366,366.0,2025-01-27,29
4408,367,367.0,2024-11-21,79
4409,367,367.0,2024-11-21,79
4410,367,367.0,2024-11-21,29.00
4411,367,367.0,2024-11-21,199.00
4412,367,367.0,2024-11-21,79
4413,367,367.0,2024-11-21,79
4414,367,367.0,2024-11-21,79
4415,367,367.0,2024-11-21,79
4416,367,367.0,2024-11-21,29.00
4417,367,367.0,2024-11-21,199.00
4418,367,367.0,2024-11-21,79
4419,367,367.0,2024-11-21,29.00
4420,367,367.0,2024-11-21,29.00
4421,367,367.0,2024-11-21,29.00
4422,367,367.0,2024-11-21,79
4423,367,367.0,2024-11-21,79
4424,367,367.0,2024-11-21,79
4425,368,368.0,2026-05-19,29
4426,368,368.0,2026-05-19,29
4427,368,368.0,2026-05-19,29.00
4428,368,,2026-05-19,29.00
4429,368,368.0,2026-05-19,29
4430,368,368.0,2026-05-19,29
4431,368,368.0,2026-05-19,29
4432,368,368.0,2026-05-19,29
4433,368,368.0,2026-05-19,29.00
4434,368,368.0,2026-05-19,-29
4435,368,368.0,2026-05-19,29.00
4436,368,368.0,2026-05-19,29.00
4437,368,368.0,2026-05-19,199.00
4438,368,368.0,2026-05-19,29
4439,368,368.0,2026-05-19,29
4440,368,368.0,2026-05-19,29
4441,369,369.0,2025-04-11,79
4442,369,369.0,2025-04-11,29
4443,369,369.0,2025-04-11,29.00
4444,369,369.0,2025-04-11,79
4445,369,369.0,2025-04-11,199.00
4446,369,369.0,2025-04-11,29.00
4447,369,369.0,2025-04-11,29.00
4448,369,369.0,2025-04-11,79
4449,369,369.0,2025-04-11,29
4450,370,370.0,2025-01-24,79
4451,370,370.0,2025-01-24,79
4452,370,370.0,2025-01-24,29.00
4453,370,370.0,2025-01-24,29
4454,370,370.0,2025-01-24,29.00
4455,370,370.0,2025-01-24,29.00
4456,370,370.0,2025-01-24,29
4457,370,370.0,2025-01-24,-29
4458,370,370.0,2025-01-24,79
4459,370,370.0,2025-01-24,29.00
4460,370,370.0,2025-01-24,29.00
4461,371,371.0,2025-11-13,29.00
4462,371,371.0,2025-11-13,29.00
4463,371,371.0,2025-11-13,29
4464,371,371.0,2025-11-13,79
4465,371,371.0,2025-11-13,199.00
4466,371,371.0,2025-11-13,79
4467,371,371.0,2025-11-13,29
4468,371,371.0,2025-11-13,199.00
4469,371,371.0,2025-11-13,79
4470,371,371.0,2025-11-13,199.00
4471,372,372.0,2025-02-05,29
4472,372,372.0,2025-02-05,29.00
4473,372,372.0,2025-02-05,29
4474,372,372.0,2025-02-05,29
4475,372,372.0,2025-02-05,79
4476,372,372.0,2025-02-05,199.00
4477,372,372.0,2025-02-05,29.00
4478,372,372.0,2025-02-05,29
4479,373,373.0,2024-12-05,199.00
4480,373,373.0,2024-12-05,29
4481,373,373.0,2024-12-05,29.00
4482,373,373.0,2024-12-05,29
4483,373,373.0,2024-12-05,199.00
4484,373,373.0,2024-12-05,29
4485,374,374.0,2024-10-31,29.00
4486,374,374.0,2024-10-31,79
4487,374,374.0,2024-10-31,29
4488,374,374.0,2024-10-31,29.00
4489,374,374.0,2024-10-31,29
4490,374,374.0,2024-10-31,29
4491,375,375.0,2025-05-14,79
4492,375,375.0,2025-05-14,29
4493,375,375.0,2025-05-14,-29
4494,375,375.0,2025-05-14,199.00
4495,375,375.0,2025-05-14,29.00
4496,375,375.0,2025-05-14,29
4497,375,375.0,2025-05-14,29.00
4498,375,375.0,2025-05-14,29
4499,375,375.0,2025-05-14,79
4500,375,375.0,2025-05-14,29
4501,375,375.0,2025-05-14,29
4502,375,375.0,2025-05-14,29
4503,375,375.0,2025-05-14,29
4504,375,375.0,2025-05-14,79
4505,375,375.0,2025-05-14,79
4506,375,375.0,2025-05-14,79
4507,375,375.0,2025-05-14,199.00
4508,375,,2025-05-14,79
4509,376,376.0,2024-12-06,29
4510,376,376.0,2024-12-06,79
4511,376,376.0,2024-12-06,29
4512,376,376.0,2024-12-06,29.00
4513,376,376.0,2024-12-06,29
4514,376,376.0,2024-12-06,29
4515,377,377.0,2024-08-20,79
4516,377,377.0,2024-08-20,29.00
4517,377,377.0,2024-08-20,199.00
4518,377,377.0,2024-08-20,79
4519,377,377.0,2024-08-20,199.00
4520,377,377.0,2024-08-20,79
4521,377,377.0,2024-08-20,29
4522,377,377.0,2024-08-20,199.00
4523,377,377.0,2024-08-20,79
4524,377,377.0,2024-08-20,79
4525,378,378.0,2025-03-01,29
4526,378,378.0,2025-03-01,199.00
4527,378,378.0,2025-03-01,-29
4528,378,378.0,2025-03-01,29.00
4529,378,378.0,2025-03-01,29
4530,378,378.0,2025-03-01,79
4531,378,378.0,2025-03-01,199.00
4532,378,378.0,2025-03-01,199.00
4533,378,378.0,2025-03-01,79
4534,378,378.0,2025-03-01,79
4535,378,378.0,2025-03-01,29
4536,378,378.0,2025-03-01,29
4537,378,378.0,2025-03-01,29.00
4538,378,378.0,2025-03-01,29
4539,378,378.0,2025-03-01,199.00
4540,378,378.0,2025-03-01,79
4541,379,379.0,2024-09-15,29
4542,379,379.0,2024-09-15,79
4543,379,379.0,2024-09-15,29.00
4544,379,379.0,2024-09-15,199.00
4545,379,379.0,2024-09-15,199.00
4546,379,379.0,2024-09-15,79
4547,379,379.0,2024-09-15,29.00
4548,379,379.0,2024-09-15,79
4549,380,380.0,2026-05-26,29
4550,380,380.0,2026-05-26,29.00
4551,380,380.0,2026-05-26,29
4552,380,380.0,2026-05-26,29
4553,380,380.0,2026-05-26,199.00
4554,380,380.0,2026-05-26,29
4555,380,380.0,2026-05-26,29
4556,380,380.0,2026-05-26,29.00
4557,380,380.0,2026-05-26,29.00
4558,380,380.0,2026-05-26,79
4559,380,380.0,2026-05-26,29
4560,380,380.0,2026-05-26,79
4561,380,380.0,2026-05-26,199.00
4562,380,380.0,2026-05-26,-29
4563,380,380.0,2026-05-26,29.00
4564,381,381.0,2025-03-18,29
4565,381,381.0,2025-03-18,-29
4566,381,381.0,2025-03-18,29
4567,381,381.0,2025-03-18,79
4568,381,381.0,2025-03-18,199.00
4569,381,381.0,2025-03-18,79
4570,381,381.0,2025-03-18,29
4571,381,381.0,2025-03-18,79
4572,381,381.0,2025-03-18,79
4573,381,381.0,2025-03-18,29
4574,381,381.0,2025-03-18,29
4575,381,381.0,2025-03-18,29
4576,381,381.0,2025-03-18,29
4577,382,382.0,2024-07-08,199.00
4578,382,382.0,2024-07-08,79
4579,382,382.0,2024-07-08,199.00
4580,382,382.0,2024-07-08,79
4581,382,382.0,2024-07-08,79
4582,382,382.0,2024-07-08,79
4583,382,382.0,2024-07-08,79
4584,382,382.0,2024-07-08,79
4585,382,382.0,2024-07-08,79
4586,382,382.0,2024-07-08,29.00
4587,382,382.0,2024-07-08,29.00
4588,382,382.0,2024-07-08,79
4589,383,383.0,2025-11-05,79
4590,383,383.0,2025-11-05,199.00
4591,383,383.0,2025-11-05,79
4592,383,383.0,2025-11-05,29
4593,383,383.0,2025-11-05,79
4594,383,383.0,2025-11-05,199.00
4595,383,383.0,2025-11-05,29.00
4596,383,383.0,2025-11-05,79
4597,383,383.0,2025-11-05,29
4598,383,383.0,2025-11-05,199.00
4599,383,383.0,2025-11-05,199.00
4600,383,383.0,2025-11-05,29
4601,383,383.0,2025-11-05,79
4602,384,384.0,2025-04-17,79
4603,384,384.0,2025-04-17,29.00
4604,384,384.0,2025-04-17,79
4605,384,384.0,2025-04-17,199.00
4606,384,384.0,2025-04-17,29
4607,384,384.0,2025-04-17,199.00
4608,384,384.0,2025-04-17,79
4609,384,384.0,2025-04-17,29
4610,384,384.0,2025-04-17,29
4611,384,384.0,2025-04-17,29
4612,384,384.0,2025-04-17,79
4613,384,384.0,2025-04-17,29.00
4614,385,385.0,2026-01-09,79
4615,385,385.0,2026-01-09,29.00
4616,385,385.0,2026-01-09,79
4617,385,385.0,2026-01-09,199.00
4618,385,385.0,2026-01-09,29
4619,385,385.0,2026-01-09,29
4620,385,385.0,2026-01-09,79
4621,385,385.0,2026-01-09,29.00
4622,385,385.0,2026-01-09,79
4623,385,385.0,2026-01-09,-29
4624,385,385.0,2026-01-09,29
4625,385,385.0,2026-01-09,29.00
4626,385,385.0,2026-01-09,79
4627,385,385.0,2026-01-09,79
4628,385,385.0,2026-01-09,29.00
4629,385,385.0,2026-01-09,79
4630,386,386.0,2025-08-14,29
4631,386,386.0,2025-08-14,199.00
4632,386,386.0,2025-08-14,29
4633,386,386.0,2025-08-14,29
4634,386,386.0,2025-08-14,29
4635,386,386.0,2025-08-14,79
4636,386,386.0,2025-08-14,199.00
4637,386,386.0,2025-08-14,199.00
4638,386,386.0,2025-08-14,79
4639,386,386.0,2025-08-14,199.00
4640,386,386.0,2025-08-14,79
4641,386,386.0,2025-08-14,199.00
4642,386,386.0,2025-08-14,29
4643,386,386.0,2025-08-14,29
4644,387,387.0,2024-09-07,79
4645,387,387.0,2024-09-07,79
4646,387,387.0,2024-09-07,79
4647,387,387.0,2024-09-07,199.00
4648,387,387.0,2024-09-07,29
4649,387,387.0,2024-09-07,29.00
4650,387,387.0,2024-09-07,29.00
4651,387,387.0,2024-09-07,29
4652,387,387.0,2024-09-07,199.00
4653,387,387.0,2024-09-07,199.00
4654,387,387.0,2024-09-07,79
4655,388,388.0,2025-01-16,29
4656,388,388.0,2025-01-16,79
4657,388,388.0,2025-01-16,29
4658,388,388.0,2025-01-16,29
4659,388,388.0,2025-01-16,79
4660,388,388.0,2025-01-16,79
4661,388,388.0,2025-01-16,79
4662,388,388.0,2025-01-16,29
4663,389,389.0,2026-05-21,29
4664,389,389.0,2026-05-21,29
4665,389,389.0,2026-05-21,79
4666,389,389.0,2026-05-21,29
4667,389,389.0,2026-05-21,29.00
4668,389,389.0,2026-05-21,-29
4669,389,389.0,2026-05-21,79
4670,390,390.0,2026-03-14,79
4671,390,390.0,2026-03-14,79
4672,390,390.0,2026-03-14,29
4673,390,390.0,2026-03-14,29.00
4674,390,390.0,2026-03-14,79
4675,390,390.0,2026-03-14,29.00
4676,390,390.0,2026-03-14,29
4677,390,390.0,2026-03-14,29.00
4678,390,390.0,2026-03-14,79
4679,390,,2026-03-14,29.00
4680,390,390.0,2026-03-14,199.00
4681,390,390.0,2026-03-14,79
4682,390,390.0,2026-03-14,29.00
4683,390,390.0,2026-03-14,199.00
4684,390,390.0,2026-03-14,79
4685,391,391.0,2024-07-22,199.00
4686,391,391.0,2024-07-22,79
4687,391,391.0,2024-07-22,79
4688,391,391.0,2024-07-22,79
4689,391,391.0,2024-07-22,29
4690,391,391.0,2024-07-22,79
4691,391,391.0,2024-07-22,29.00
4692,391,391.0,2024-07-22,29.00
4693,391,391.0,2024-07-22,79
4694,392,392.0,2025-06-14,199.00
4695,392,392.0,2025-06-14,29
4696,392,392.0,2025-06-14,-29
4697,392,392.0,2025-06-14,79
4698,392,392.0,2025-06-14,29
4699,392,392.0,2025-06-14,29
4700,392,392.0,2025-06-14,79
4701,392,392.0,2025-06-14,29.00
4702,392,392.0,2025-06-14,29
4703,392,392.0,2025-06-14,199.00
4704,392,392.0,2025-06-14,199.00
4705,392,392.0,2025-06-14,79
4706,392,392.0,2025-06-14,29
4707,392,392.0,2025-06-14,29.00
4708,392,392.0,2025-06-14,79
4709,392,392.0,2025-06-14,79
4710,393,393.0,2024-11-02,79
4711,393,393.0,2024-11-02,29.00
4712,393,393.0,2024-11-02,29.00
4713,393,393.0,2024-11-02,29
4714,393,393.0,2024-11-02,79
4715,393,393.0,2024-11-02,29
4716,393,,2024-11-02,29.00
4717,393,393.0,2024-11-02,29.00
4718,393,393.0,2024-11-02,29
4719,393,393.0,2024-11-02,79
4720,394,394.0,2025-07-22,29
4721,394,394.0,2025-07-22,29.00
4722,394,394.0,2025-07-22,199.00
4723,394,394.0,2025-07-22,29
4724,394,394.0,2025-07-22,29
4725,394,394.0,2025-07-22,79
4726,394,394.0,2025-07-22,79
4727,394,394.0,2025-07-22,79
4728,394,394.0,2025-07-22,29
4729,394,394.0,2025-07-22,199.00
4730,394,394.0,2025-07-22,79
4731,394,394.0,2025-07-22,29.00
4732,394,394.0,2025-07-22,79
4733,394,394.0,2025-07-22,29
4734,394,394.0,2025-07-22,79
4735,395,395.0,2025-12-29,79
4736,395,395.0,2025-12-29,79
4737,395,395.0,2025-12-29,199.00
4738,395,,2025-12-29,79
4739,395,395.0,2025-12-29,29.00
4740,395,395.0,2025-12-29,79
4741,395,395.0,2025-12-29,29.00
4742,395,395.0,2025-12-29,29
4743,395,395.0,2025-12-29,199.00
4744,396,396.0,2025-08-12,199.00
4745,396,396.0,2025-08-12,29
4746,396,396.0,2025-08-12,79
4747,396,396.0,2025-08-12,79
4748,396,396.0,2025-08-12,29
4749,396,396.0,2025-08-12,29
4750,396,396.0,2025-08-12,29
4751,396,396.0,2025-08-12,199.00
4752,396,396.0,2025-08-12,79
4753,396,396.0,2025-08-12,29
4754,396,396.0,2025-08-12,29
4755,396,396.0,2025-08-12,79
4756,397,397.0,2024-11-27,79
4757,397,397.0,2024-11-27,199.00
4758,397,397.0,2024-11-27,29.00
4759,397,397.0,2024-11-27,79
4760,397,,2024-11-27,29
4761,397,397.0,2024-11-27,29.00
4762,397,397.0,2024-11-27,79
4763,397,397.0,2024-11-27,79
4764,398,398.0,2024-11-13,29
4765,398,398.0,2024-11-13,29
4766,398,398.0,2024-11-13,29.00
4767,398,398.0,2024-11-13,29
4768,398,398.0,2024-11-13,29
4769,398,398.0,2024-11-13,79
4770,398,398.0,2024-11-13,79
4771,398,398.0,2024-11-13,199.00
4772,399,399.0,2026-05-07,79
4773,399,399.0,2026-05-07,29
4774,399,399.0,2026-05-07,79
4775,399,399.0,2026-05-07,79
4776,399,399.0,2026-05-07,29
4777,399,399.0,2026-05-07,29.00
4778,399,399.0,2026-05-07,29.00
4779,399,399.0,2026-05-07,29
4780,399,399.0,2026-05-07,79
4781,399,399.0,2026-05-07,29
4782,399,399.0,2026-05-07,79
4783,399,399.0,2026-05-07,29
4784,399,399.0,2026-05-07,29
4785,399,399.0,2026-05-07,29.00
4786,399,399.0,2026-05-07,29
4787,399,399.0,2026-05-07,29.00
4788,399,399.0,2026-05-07,79
4789,399,399.0,2026-05-07,29.00
4790,400,400.0,2024-07-29,29
4791,400,400.0,2024-07-29,29
4792,400,400.0,2024-07-29,29
4793,400,400.0,2024-07-29,29
4794,400,400.0,2024-07-29,199.00
4795,400,400.0,2024-07-29,29
4796,400,400.0,2024-07-29,29
4797,400,400.0,2024-07-29,199.00
4798,400,400.0,2024-07-29,199.00
4799,400,400.0,2024-07-29,29
4800,400,400.0,2024-07-29,79
4801,400,400.0,2024-07-29,29
4802,400,400.0,2024-07-29,29.00
4803,400,400.0,2024-07-29,79
4804,400,400.0,2024-07-29,79
4805,401,401.0,2024-08-19,79
4806,401,401.0,2024-08-19,199.00
4807,401,401.0,2024-08-19,79
4808,401,401.0,2024-08-19,29
4809,401,401.0,2024-08-19,29.00
4810,401,401.0,2024-08-19,29
4811,401,401.0,2024-08-19,199.00
4812,402,402.0,2025-08-13,29
4813,402,402.0,2025-08-13,199.00
4814,402,402.0,2025-08-13,79
4815,402,402.0,2025-08-13,79
4816,402,402.0,2025-08-13,29
4817,402,402.0,2025-08-13,79
4818,402,402.0,2025-08-13,79
4819,402,402.0,2025-08-13,199.00
4820,402,402.0,2025-08-13,199.00
4821,402,402.0,2025-08-13,29
4822,402,402.0,2025-08-13,29
4823,402,402.0,2025-08-13,29
4824,402,402.0,2025-08-13,79
4825,402,402.0,2025-08-13,199.00
4826,402,402.0,2025-08-13,29
4827,402,402.0,2025-08-13,199.00
4828,403,403.0,2026-03-22,29.00
4829,403,403.0,2026-03-22,79
4830,403,403.0,2026-03-22,29
4831,403,403.0,2026-03-22,79
4832,403,403.0,2026-03-22,29.00
4833,403,403.0,2026-03-22,29
4834,404,404.0,2026-03-13,29
4835,404,404.0,2026-03-13,79
4836,404,404.0,2026-03-13,199.00
4837,404,404.0,2026-03-13,79
4838,404,404.0,2026-03-13,79
4839,404,404.0,2026-03-13,79
4840,404,404.0,2026-03-13,199.00
4841,404,404.0,2026-03-13,199.00
4842,404,404.0,2026-03-13,79
4843,404,404.0,2026-03-13,79
4844,404,404.0,2026-03-13,29
4845,405,405.0,2024-09-01,79
4846,405,405.0,2024-09-01,199.00
4847,405,405.0,2024-09-01,199.00
4848,405,405.0,2024-09-01,-29
4849,405,405.0,2024-09-01,29.00
4850,405,405.0,2024-09-01,-29
4851,405,405.0,2024-09-01,29
4852,405,,2024-09-01,79
4853,405,405.0,2024-09-01,199.00
4854,405,405.0,2024-09-01,29
4855,405,405.0,2024-09-01,79
4856,406,406.0,2025-05-15,29
4857,406,406.0,2025-05-15,79
4858,406,,2025-05-15,79
4859,406,406.0,2025-05-15,79
4860,406,406.0,2025-05-15,-29
4861,406,406.0,2025-05-15,199.00
4862,406,406.0,2025-05-15,29
4863,406,406.0,2025-05-15,79
4864,406,406.0,2025-05-15,29
4865,406,406.0,2025-05-15,79
4866,406,406.0,2025-05-15,29
4867,406,406.0,2025-05-15,29
4868,406,406.0,2025-05-15,29
4869,406,406.0,2025-05-15,79
4870,406,406.0,2025-05-15,79
4871,406,406.0,2025-05-15,199.00
4872,406,406.0,2025-05-15,29
4873,406,406.0,2025-05-15,79
4874,407,407.0,2025-02-03,29
4875,407,407.0,2025-02-03,29
4876,407,407.0,2025-02-03,79
4877,407,407.0,2025-02-03,199.00
4878,407,407.0,2025-02-03,79
4879,407,407.0,2025-02-03,79
4880,407,407.0,2025-02-03,29.00
4881,407,407.0,2025-02-03,79
4882,407,407.0,2025-02-03,199.00
4883,407,407.0,2025-02-03,79
4884,407,407.0,2025-02-03,29
4885,407,407.0,2025-02-03,29
4886,407,407.0,2025-02-03,79
4887,407,407.0,2025-02-03,29
4888,407,407.0,2025-02-03,29
4889,408,408.0,2024-08-19,79
4890,408,408.0,2024-08-19,29.00
4891,408,408.0,2024-08-19,79
4892,408,408.0,2024-08-19,79
4893,408,408.0,2024-08-19,199.00
4894,408,408.0,2024-08-19,79
4895,408,408.0,2024-08-19,29
4896,408,408.0,2024-08-19,29.00
4897,408,408.0,2024-08-19,29.00
4898,408,408.0,2024-08-19,29
4899,408,408.0,2024-08-19,79
4900,408,408.0,2024-08-19,-29
4901,408,408.0,2024-08-19,29.00
4902,408,408.0,2024-08-19,79
4903,408,408.0,2024-08-19,29
4904,409,409.0,2024-08-07,29.00
4905,409,409.0,2024-08-07,29
4906,409,409.0,2024-08-07,79
4907,409,409.0,2024-08-07,29
4908,409,409.0,2024-08-07,79
4909,409,409.0,2024-08-07,79
4910,409,409.0,2024-08-07,79
4911,410,410.0,2025-08-10,199.00
4912,410,410.0,2025-08-10,-29
4913,410,410.0,2025-08-10,29
4914,410,410.0,2025-08-10,79
4915,410,410.0,2025-08-10,79
4916,410,410.0,2025-08-10,29
4917,410,410.0,2025-08-10,79
4918,410,410.0,2025-08-10,29
4919,410,410.0,2025-08-10,29.00
4920,410,410.0,2025-08-10,199.00
4921,411,411.0,2025-09-11,199.00
4922,411,411.0,2025-09-11,79
4923,411,411.0,2025-09-11,79
4924,411,411.0,2025-09-11,79
4925,411,411.0,2025-09-11,79
4926,411,411.0,2025-09-11,29
4927,411,411.0,2025-09-11,29
4928,411,411.0,2025-09-11,79
4929,411,411.0,2025-09-11,79
4930,411,411.0,2025-09-11,199.00
4931,411,411.0,2025-09-11,199.00
4932,411,411.0,2025-09-11,29.00
4933,411,411.0,2025-09-11,29.00
4934,411,411.0,2025-09-11,199.00
4935,411,411.0,2025-09-11,29
4936,412,412.0,2025-06-29,29
4937,412,412.0,2025-06-29,79
4938,412,412.0,2025-06-29,29
4939,412,412.0,2025-06-29,79
4940,412,412.0,2025-06-29,29
4941,412,412.0,2025-06-29,199.00
4942,412,412.0,2025-06-29,29.00
4943,412,412.0,2025-06-29,199.00
4944,412,412.0,2025-06-29,29
4945,412,412.0,2025-06-29,79
4946,412,412.0,2025-06-29,29
4947,412,412.0,2025-06-29,29.00
4948,412,412.0,2025-06-29,29.00
4949,412,412.0,2025-06-29,29
4950,412,412.0,2025-06-29,29
4951,412,412.0,2025-06-29,199.00
4952,412,412.0,2025-06-29,29
4953,413,,2025-11-12,79
4954,413,413.0,2025-11-12,29.00
4955,413,413.0,2025-11-12,79
4956,413,413.0,2025-11-12,29
4957,413,413.0,2025-11-12,29
4958,413,413.0,2025-11-12,199.00
4959,413,413.0,2025-11-12,-29
4960,413,413.0,2025-11-12,29
4961,413,413.0,2025-11-12,29.00
4962,414,,2024-11-27,79
4963,414,414.0,2024-11-27,29
4964,414,414.0,2024-11-27,79
4965,414,414.0,2024-11-27,79
4966,414,414.0,2024-11-27,29
4967,414,414.0,2024-11-27,199.00
4968,414,414.0,2024-11-27,199.00
4969,414,414.0,2024-11-27,79
4970,414,414.0,2024-11-27,79
4971,414,414.0,2024-11-27,29.00
4972,414,414.0,2024-11-27,29
4973,414,414.0,2024-11-27,29
4974,414,414.0,2024-11-27,-29
4975,414,414.0,2024-11-27,79
4976,414,414.0,2024-11-27,29
4977,414,414.0,2024-11-27,199.00
4978,415,415.0,2026-01-30,199.00
4979,415,415.0,2026-01-30,29
4980,415,415.0,2026-01-30,79
4981,415,415.0,2026-01-30,79
4982,415,415.0,2026-01-30,29
4983,415,415.0,2026-01-30,29
4984,415,415.0,2026-01-30,79
4985,415,415.0,2026-01-30,29.00
4986,415,415.0,2026-01-30,79
4987,416,416.0,2025-09-08,79
4988,416,416.0,2025-09-08,79
4989,416,416.0,2025-09-08,-29
4990,416,416.0,2025-09-08,29
4991,416,416.0,2025-09-08,-29
4992,416,416.0,2025-09-08,199.00
4993,416,416.0,2025-09-08,29.00
4994,416,416.0,2025-09-08,199.00
4995,416,416.0,2025-09-08,29.00
4996,417,417.0,2025-03-26,79
4997,417,417.0,2025-03-26,199.00
4998,417,417.0,2025-03-26,29
4999,417,417.0,2025-03-26,199.00
5000,417,417.0,2025-03-26,79
5001,417,417.0,2025-03-26,29
5002,417,417.0,2025-03-26,79
5003,417,417.0,2025-03-26,29.00
5004,417,417.0,2025-03-26,79
5005,418,418.0,2024-11-24,29.00
5006,418,418.0,2024-11-24,199.00
5007,418,418.0,2024-11-24,79
5008,418,418.0,2024-11-24,79
5009,418,418.0,2024-11-24,29.00
5010,418,418.0,2024-11-24,29
5011,418,418.0,2024-11-24,79
5012,418,418.0,2024-11-24,79
5013,418,418.0,2024-11-24,29
5014,418,418.0,2024-11-24,29
5015,418,418.0,2024-11-24,199.00
5016,418,418.0,2024-11-24,29.00
5017,418,418.0,2024-11-24,29.00
5018,419,419.0,2025-02-04,79
5019,419,419.0,2025-02-04,79
5020,419,419.0,2025-02-04,79
5021,419,419.0,2025-02-04,79
5022,419,419.0,2025-02-04,29.00
5023,419,419.0,2025-02-04,199.00
5024,419,419.0,2025-02-04,79
5025,419,419.0,2025-02-04,79
5026,419,419.0,2025-02-04,79
5027,420,420.0,2024-07-26,29
5028,420,420.0,2024-07-26,-29
5029,420,420.0,2024-07-26,29
5030,420,420.0,2024-07-26,199.00
5031,420,420.0,2024-07-26,29
5032,420,420.0,2024-07-26,29
5033,421,421.0,2024-07-14,199.00
5034,421,421.0,2024-07-14,199.00
5035,421,421.0,2024-07-14,79
5036,421,421.0,2024-07-14,79
5037,421,421.0,2024-07-14,29
5038,421,421.0,2024-07-14,29.00
5039,421,421.0,2024-07-14,79
5040,421,421.0,2024-07-14,29
5041,421,421.0,2024-07-14,29
5042,421,421.0,2024-07-14,29
5043,421,421.0,2024-07-14,79
5044,421,421.0,2024-07-14,-29
5045,421,421.0,2024-07-14,29.00
5046,421,421.0,2024-07-14,29
5047,421,421.0,2024-07-14,79
5048,421,421.0,2024-07-14,29
5049,421,421.0,2024-07-14,29
5050,421,421.0,2024-07-14,29
5051,422,422.0,2025-01-25,29
5052,422,422.0,2025-01-25,79
5053,422,422.0,2025-01-25,79
5054,422,422.0,2025-01-25,79
5055,422,422.0,2025-01-25,29
5056,422,422.0,2025-01-25,79
5057,422,422.0,2025-01-25,29
5058,422,422.0,2025-01-25,79
5059,422,422.0,2025-01-25,79
5060,422,422.0,2025-01-25,29
5061,422,422.0,2025-01-25,199.00
5062,422,422.0,2025-01-25,79
5063,422,422.0,2025-01-25,29.00
5064,422,422.0,2025-01-25,79
5065,422,422.0,2025-01-25,29.00
5066,422,422.0,2025-01-25,199.00
5067,422,422.0,2025-01-25,199.00
5068,423,423.0,2025-05-16,29
5069,423,423.0,2025-05-16,79
5070,423,423.0,2025-05-16,199.00
5071,423,423.0,2025-05-16,29.00
5072,423,423.0,2025-05-16,29
5073,423,423.0,2025-05-16,79
5074,423,423.0,2025-05-16,79
5075,423,423.0,2025-05-16,29
5076,423,423.0,2025-05-16,29
5077,423,423.0,2025-05-16,199.00
5078,423,423.0,2025-05-16,199.00
5079,423,423.0,2025-05-16,-29
5080,424,424.0,2025-12-28,29
5081,424,424.0,2025-12-28,79
5082,424,424.0,2025-12-28,29.00
5083,424,424.0,2025-12-28,79
5084,424,424.0,2025-12-28,29
5085,424,424.0,2025-12-28,79
5086,424,424.0,2025-12-28,199.00
5087,424,424.0,2025-12-28,199.00
5088,424,424.0,2025-12-28,29
5089,424,424.0,2025-12-28,29.00
5090,424,424.0,2025-12-28,29.00
5091,424,424.0,2025-12-28,29
5092,424,424.0,2025-12-28,199.00
5093,424,424.0,2025-12-28,29
5094,424,424.0,2025-12-28,79
5095,424,424.0,2025-12-28,29
5096,424,424.0,2025-12-28,29.00
5097,424,424.0,2025-12-28,199.00
5098,425,425.0,2026-03-03,29
5099,425,425.0,2026-03-03,199.00
5100,425,425.0,2026-03-03,79
5101,425,425.0,2026-03-03,29
5102,425,425.0,2026-03-03,79
5103,425,425.0,2026-03-03,199.00
5104,425,425.0,2026-03-03,29
5105,425,425.0,2026-03-03,29
5106,425,425.0,2026-03-03,29
5107,426,426.0,2025-02-25,199.00
5108,426,426.0,2025-02-25,199.00
5109,426,426.0,2025-02-25,79
5110,426,426.0,2025-02-25,79
5111,426,426.0,2025-02-25,199.00
5112,426,426.0,2025-02-25,29
5113,426,426.0,2025-02-25,29
5114,426,426.0,2025-02-25,79
5115,426,426.0,2025-02-25,29
5116,427,427.0,2025-09-02,29
5117,427,427.0,2025-09-02,79
5118,427,427.0,2025-09-02,29.00
5119,427,427.0,2025-09-02,79
5120,427,427.0,2025-09-02,29
5121,427,427.0,2025-09-02,29
5122,427,427.0,2025-09-02,199.00
5123,427,427.0,2025-09-02,79
5124,427,427.0,2025-09-02,29
5125,427,427.0,2025-09-02,29
5126,427,427.0,2025-09-02,79
5127,428,428.0,2024-08-19,199.00
5128,428,428.0,2024-08-19,29
5129,428,428.0,2024-08-19,29
5130,428,428.0,2024-08-19,79
5131,428,428.0,2024-08-19,29
5132,428,428.0,2024-08-19,29
5133,428,428.0,2024-08-19,29
5134,429,429.0,2025-06-27,79
5135,429,429.0,2025-06-27,79
5136,429,429.0,2025-06-27,79
5137,429,429.0,2025-06-27,29.00
5138,429,429.0,2025-06-27,29
5139,429,429.0,2025-06-27,29
5140,430,430.0,2025-08-14,29.00
5141,430,430.0,2025-08-14,199.00
5142,430,430.0,2025-08-14,79
5143,430,430.0,2025-08-14,29.00
5144,430,430.0,2025-08-14,29
5145,430,,2025-08-14,79
5146,430,430.0,2025-08-14,29
5147,430,430.0,2025-08-14,79
5148,430,430.0,2025-08-14,29
5149,430,430.0,2025-08-14,199.00
5150,430,430.0,2025-08-14,79
5151,430,430.0,2025-08-14,79
5152,430,430.0,2025-08-14,199.00
5153,430,430.0,2025-08-14,79
5154,430,430.0,2025-08-14,79
5155,430,430.0,2025-08-14,199.00
5156,430,430.0,2025-08-14,79
5157,430,430.0,2025-08-14,29.00
5158,431,431.0,2026-03-08,29
5159,431,431.0,2026-03-08,79
5160,431,431.0,2026-03-08,29.00
5161,431,431.0,2026-03-08,29
5162,431,431.0,2026-03-08,29.00
5163,431,431.0,2026-03-08,79
5164,431,431.0,2026-03-08,29
5165,431,431.0,2026-03-08,79
5166,432,432.0,2025-11-15,199.00
5167,432,432.0,2025-11-15,29
5168,432,432.0,2025-11-15,29.00
5169,432,432.0,2025-11-15,199.00
5170,432,432.0,2025-11-15,199.00
5171,432,432.0,2025-11-15,29.00
5172,433,433.0,2025-05-27,79
5173,433,433.0,2025-05-27,29.00
5174,433,433.0,2025-05-27,79
5175,433,433.0,2025-05-27,29.00
5176,433,433.0,2025-05-27,79
5177,433,433.0,2025-05-27,29
5178,433,433.0,2025-05-27,79
5179,433,433.0,2025-05-27,29
5180,433,433.0,2025-05-27,79
5181,433,433.0,2025-05-27,199.00
5182,433,433.0,2025-05-27,29.00
5183,434,434.0,2026-03-18,29
5184,434,434.0,2026-03-18,79
5185,434,434.0,2026-03-18,79
5186,434,434.0,2026-03-18,29
5187,434,434.0,2026-03-18,-29
5188,434,434.0,2026-03-18,79
5189,434,434.0,2026-03-18,79
5190,434,434.0,2026-03-18,79
5191,434,434.0,2026-03-18,199.00
5192,435,435.0,2025-02-09,79
5193,435,435.0,2025-02-09,29
5194,435,435.0,2025-02-09,29
5195,435,435.0,2025-02-09,79
5196,435,435.0,2025-02-09,199.00
5197,435,435.0,2025-02-09,79
5198,435,435.0,2025-02-09,29
5199,436,436.0,2025-08-20,79
5200,436,436.0,2025-08-20,29.00
5201,436,436.0,2025-08-20,29.00
5202,436,436.0,2025-08-20,79
5203,436,436.0,2025-08-20,-29
5204,436,436.0,2025-08-20,199.00
5205,436,436.0,2025-08-20,79
5206,436,436.0,2025-08-20,29.00
5207,436,436.0,2025-08-20,29
5208,436,436.0,2025-08-20,79
5209,436,436.0,2025-08-20,29
5210,436,436.0,2025-08-20,29.00
5211,436,436.0,2025-08-20,29.00
5212,437,437.0,2025-09-19,79
5213,437,437.0,2025-09-19,29
5214,437,437.0,2025-09-19,29.00
5215,437,437.0,2025-09-19,-29
5216,437,437.0,2025-09-19,79
5217,437,437.0,2025-09-19,199.00
5218,437,437.0,2025-09-19,79
5219,437,437.0,2025-09-19,29
5220,437,437.0,2025-09-19,199.00
5221,437,437.0,2025-09-19,79
5222,437,437.0,2025-09-19,79
5223,438,438.0,2025-07-21,79
5224,438,438.0,2025-07-21,29.00
5225,438,438.0,2025-07-21,29
5226,438,438.0,2025-07-21,29.00
5227,438,438.0,2025-07-21,79
5228,438,438.0,2025-07-21,29.00
5229,438,438.0,2025-07-21,199.00
5230,439,439.0,2024-09-21,199.00
5231,439,439.0,2024-09-21,79
5232,439,439.0,2024-09-21,199.00
5233,439,439.0,2024-09-21,199.00
5234,439,439.0,2024-09-21,79
5235,439,439.0,2024-09-21,79
5236,439,439.0,2024-09-21,79
5237,440,440.0,2025-03-31,29.00
5238,440,440.0,2025-03-31,-29
5239,440,440.0,2025-03-31,79
5240,440,440.0,2025-03-31,79
5241,440,440.0,2025-03-31,79
5242,440,440.0,2025-03-31,79
5243,440,,2025-03-31,29.00
5244,440,440.0,2025-03-31,29
5245,440,440.0,2025-03-31,199.00
5246,440,440.0,2025-03-31,199.00
5247,440,440.0,2025-03-31,29
5248,441,441.0,2025-06-24,29
5249,441,441.0,2025-06-24,29
5250,441,441.0,2025-06-24,29.00
5251,441,441.0,2025-06-24,29.00
5252,441,441.0,2025-06-24,29
5253,441,441.0,2025-06-24,79
5254,441,441.0,2025-06-24,79
5255,441,441.0,2025-06-24,79
5256,441,441.0,2025-06-24,79
5257,441,441.0,2025-06-24,29.00
5258,441,441.0,2025-06-24,29
5259,441,441.0,2025-06-24,199.00
5260,441,441.0,2025-06-24,79
5261,441,441.0,2025-06-24,199.00
5262,441,441.0,2025-06-24,29
5263,441,441.0,2025-06-24,79
5264,441,441.0,2025-06-24,79
5265,441,441.0,2025-06-24,29
5266,442,442.0,2026-02-01,29
5267,442,442.0,2026-02-01,29
5268,442,442.0,2026-02-01,79
5269,442,442.0,2026-02-01,29.00
5270,442,442.0,2026-02-01,-29
5271,442,442.0,2026-02-01,29
5272,442,442.0,2026-02-01,79
5273,442,442.0,2026-02-01,79
5274,442,442.0,2026-02-01,79
5275,442,442.0,2026-02-01,79
5276,442,442.0,2026-02-01,199.00
5277,442,442.0,2026-02-01,29.00
5278,442,442.0,2026-02-01,79
5279,442,442.0,2026-02-01,199.00
5280,442,442.0,2026-02-01,29
5281,442,442.0,2026-02-01,199.00
5282,442,442.0,2026-02-01,199.00
5283,442,442.0,2026-02-01,29
5284,443,443.0,2025-06-10,79
5285,443,443.0,2025-06-10,29
5286,443,443.0,2025-06-10,29.00
5287,443,443.0,2025-06-10,29
5288,443,443.0,2025-06-10,79
5289,443,443.0,2025-06-10,29.00
5290,443,443.0,2025-06-10,79
5291,443,443.0,2025-06-10,199.00
5292,443,443.0,2025-06-10,199.00
5293,443,443.0,2025-06-10,79
5294,443,443.0,2025-06-10,29.00
5295,443,443.0,2025-06-10,79
5296,443,443.0,2025-06-10,29.00
5297,443,443.0,2025-06-10,29
5298,443,443.0,2025-06-10,199.00
5299,443,443.0,2025-06-10,29
5300,444,444.0,2025-02-08,29.00
5301,444,444.0,2025-02-08,199.00
5302,444,444.0,2025-02-08,79
5303,444,444.0,2025-02-08,29
5304,444,444.0,2025-02-08,79
5305,444,444.0,2025-02-08,79
5306,444,444.0,2025-02-08,79
5307,444,444.0,2025-02-08,29
5308,444,444.0,2025-02-08,199.00
5309,444,444.0,2025-02-08,79
5310,444,444.0,2025-02-08,29
5311,444,444.0,2025-02-08,29.00
5312,444,444.0,2025-02-08,199.00
5313,444,444.0,2025-02-08,29
5314,444,444.0,2025-02-08,79
5315,444,444.0,2025-02-08,79
5316,444,444.0,2025-02-08,29.00
5317,445,445.0,2026-04-20,79
5318,445,445.0,2026-04-20,29
5319,445,445.0,2026-04-20,29
5320,445,445.0,2026-04-20,29
5321,445,445.0,2026-04-20,199.00
5322,445,445.0,2026-04-20,29
5323,445,445.0,2026-04-20,79
5324,445,445.0,2026-04-20,29
5325,445,445.0,2026-04-20,79
5326,445,,2026-04-20,29.00
5327,445,445.0,2026-04-20,29
5328,445,445.0,2026-04-20,79
5329,446,446.0,2026-05-01,79
5330,446,446.0,2026-05-01,79
5331,446,446.0,2026-05-01,79
5332,446,446.0,2026-05-01,79
5333,446,446.0,2026-05-01,29.00
5334,446,446.0,2026-05-01,79
5335,446,446.0,2026-05-01,199.00
5336,446,446.0,2026-05-01,199.00
5337,446,446.0,2026-05-01,29
5338,446,446.0,2026-05-01,29
5339,446,446.0,2026-05-01,79
5340,447,447.0,2025-11-03,29
5341,447,447.0,2025-11-03,29
5342,447,447.0,2025-11-03,29
5343,447,447.0,2025-11-03,29.00
5344,447,447.0,2025-11-03,199.00
5345,447,447.0,2025-11-03,29
5346,447,447.0,2025-11-03,29
5347,447,447.0,2025-11-03,79
5348,447,447.0,2025-11-03,199.00
5349,447,447.0,2025-11-03,199.00
5350,447,447.0,2025-11-03,79
5351,448,448.0,2026-04-04,79
5352,448,448.0,2026-04-04,29.00
5353,448,448.0,2026-04-04,79
5354,448,,2026-04-04,79
5355,448,448.0,2026-04-04,29
5356,448,448.0,2026-04-04,199.00
5357,448,448.0,2026-04-04,29.00
5358,448,448.0,2026-04-04,29.00
5359,449,449.0,2025-09-02,29
5360,449,449.0,2025-09-02,-29
5361,449,449.0,2025-09-02,29
5362,449,449.0,2025-09-02,29
5363,449,449.0,2025-09-02,79
5364,449,449.0,2025-09-02,79
5365,449,449.0,2025-09-02,79
5366,449,449.0,2025-09-02,199.00
5367,449,449.0,2025-09-02,29
5368,450,450.0,2024-10-09,29.00
5369,450,450.0,2024-10-09,29
5370,450,450.0,2024-10-09,79
5371,450,450.0,2024-10-09,199.00
5372,450,450.0,2024-10-09,79
5373,450,450.0,2024-10-09,29
5374,450,450.0,2024-10-09,79
5375,450,450.0,2024-10-09,29.00
5376,450,450.0,2024-10-09,29.00
5377,450,450.0,2024-10-09,29.00
5378,450,450.0,2024-10-09,29.00
5379,450,450.0,2024-10-09,29
5380,450,450.0,2024-10-09,79
5381,451,451.0,2025-12-01,79
5382,451,451.0,2025-12-01,79
5383,451,451.0,2025-12-01,79
5384,451,451.0,2025-12-01,29.00
5385,451,451.0,2025-12-01,29.00
5386,451,451.0,2025-12-01,79
5387,451,451.0,2025-12-01,29
5388,451,451.0,2025-12-01,199.00
5389,451,451.0,2025-12-01,79
5390,451,,2025-12-01,29
5391,451,451.0,2025-12-01,29
5392,451,451.0,2025-12-01,79
5393,451,451.0,2025-12-01,29.00
5394,451,451.0,2025-12-01,79
5395,451,451.0,2025-12-01,29.00
5396,451,451.0,2025-12-01,29
5397,451,451.0,2025-12-01,79
5398,452,452.0,2024-09-13,199.00
5399,452,452.0,2024-09-13,79
5400,452,452.0,2024-09-13,79
5401,452,452.0,2024-09-13,199.00
5402,452,452.0,2024-09-13,29
5403,452,452.0,2024-09-13,29
5404,452,452.0,2024-09-13,29
5405,452,452.0,2024-09-13,79
5406,452,452.0,2024-09-13,79
5407,452,452.0,2024-09-13,79
5408,452,452.0,2024-09-13,199.00
5409,452,452.0,2024-09-13,29
5410,452,452.0,2024-09-13,29.00
5411,453,453.0,2026-03-09,29
5412,453,453.0,2026-03-09,79
5413,453,453.0,2026-03-09,79
5414,453,453.0,2026-03-09,29
5415,453,453.0,2026-03-09,29.00
5416,453,453.0,2026-03-09,-29
5417,454,454.0,2024-08-21,29
5418,454,454.0,2024-08-21,29
5419,454,454.0,2024-08-21,29.00
5420,454,454.0,2024-08-21,29
5421,454,454.0,2024-08-21,29
5422,454,454.0,2024-08-21,29
5423,454,454.0,2024-08-21,79
5424,454,454.0,2024-08-21,29.00
5425,454,454.0,2024-08-21,199.00
5426,454,454.0,2024-08-21,79
5427,454,454.0,2024-08-21,29
5428,454,454.0,2024-08-21,199.00
5429,454,454.0,2024-08-21,79
5430,454,454.0,2024-08-21,29
5431,454,454.0,2024-08-21,79
5432,454,454.0,2024-08-21,199.00
5433,455,455.0,2025-12-21,29
5434,455,,2025-12-21,29
5435,455,455.0,2025-12-21,29.00
5436,455,455.0,2025-12-21,29
5437,455,455.0,2025-12-21,29
5438,455,455.0,2025-12-21,29
5439,456,456.0,2025-06-12,29
5440,456,456.0,2025-06-12,29.00
5441,456,456.0,2025-06-12,-29
5442,456,456.0,2025-06-12,29.00
5443,456,456.0,2025-06-12,29
5444,456,456.0,2025-06-12,29
5445,456,456.0,2025-06-12,29
5446,456,456.0,2025-06-12,199.00
5447,456,456.0,2025-06-12,199.00
5448,456,456.0,2025-06-12,29
5449,456,456.0,2025-06-12,29.00
5450,457,457.0,2025-07-28,29
5451,457,457.0,2025-07-28,29.00
5452,457,457.0,2025-07-28,29
5453,457,457.0,2025-07-28,29
5454,457,457.0,2025-07-28,29
5455,457,457.0,2025-07-28,29.00
5456,457,457.0,2025-07-28,29
5457,457,457.0,2025-07-28,29
5458,457,457.0,2025-07-28,29
5459,457,457.0,2025-07-28,29
5460,457,457.0,2025-07-28,29
5461,457,457.0,2025-07-28,29
5462,457,457.0,2025-07-28,29.00
5463,457,457.0,2025-07-28,-29
5464,458,458.0,2025-04-28,29
5465,458,458.0,2025-04-28,79
5466,458,458.0,2025-04-28,199.00
5467,458,458.0,2025-04-28,29
5468,458,458.0,2025-04-28,79
5469,458,458.0,2025-04-28,29
5470,458,458.0,2025-04-28,29.00
5471,458,458.0,2025-04-28,29.00
5472,458,458.0,2025-04-28,-29
5473,459,459.0,2025-01-27,-29
5474,459,459.0,2025-01-27,79
5475,459,459.0,2025-01-27,79
5476,459,459.0,2025-01-27,79
5477,459,459.0,2025-01-27,-29
5478,459,459.0,2025-01-27,199.00
5479,460,460.0,2024-07-09,29
5480,460,460.0,2024-07-09,79
5481,460,460.0,2024-07-09,79
5482,460,460.0,2024-07-09,79
5483,460,460.0,2024-07-09,29
5484,460,460.0,2024-07-09,79
5485,460,460.0,2024-07-09,29.00
5486,460,,2024-07-09,199.00
5487,460,460.0,2024-07-09,79
5488,460,460.0,2024-07-09,79
5489,460,460.0,2024-07-09,199.00
5490,460,460.0,2024-07-09,29
5491,460,460.0,2024-07-09,29
5492,460,460.0,2024-07-09,29.00
5493,460,460.0,2024-07-09,79
5494,460,460.0,2024-07-09,79
5495,460,460.0,2024-07-09,29
5496,461,461.0,2025-01-10,29
5497,461,461.0,2025-01-10,79
5498,461,461.0,2025-01-10,29
5499,461,461.0,2025-01-10,29
5500,461,461.0,2025-01-10,79
5501,461,461.0,2025-01-10,29
5502,462,462.0,2025-01-07,79
5503,462,462.0,2025-01-07,199.00
5504,462,462.0,2025-01-07,29
5505,462,462.0,2025-01-07,199.00
5506,462,462.0,2025-01-07,29.00
5507,462,462.0,2025-01-07,79
5508,462,462.0,2025-01-07,199.00
5509,462,462.0,2025-01-07,79
5510,462,462.0,2025-01-07,79
5511,462,462.0,2025-01-07,29.00
5512,462,462.0,2025-01-07,29
5513,462,462.0,2025-01-07,79
5514,462,462.0,2025-01-07,79
5515,462,462.0,2025-01-07,79
5516,463,463.0,2025-08-07,29.00
5517,463,463.0,2025-08-07,79
5518,463,463.0,2025-08-07,79
5519,463,463.0,2025-08-07,79
5520,463,,2025-08-07,79
5521,463,463.0,2025-08-07,199.00
5522,463,463.0,2025-08-07,79
5523,463,463.0,2025-08-07,-29
5524,463,463.0,2025-08-07,79
5525,464,464.0,2026-02-07,79
5526,464,464.0,2026-02-07,199.00
5527,464,464.0,2026-02-07,199.00
5528,464,464.0,2026-02-07,79
5529,464,464.0,2026-02-07,29.00
5530,464,464.0,2026-02-07,79
5531,464,464.0,2026-02-07,79
5532,465,465.0,2024-10-02,199.00
5533,465,465.0,2024-10-02,79
5534,465,465.0,2024-10-02,79
5535,465,465.0,2024-10-02,29
5536,465,465.0,2024-10-02,29
5537,465,465.0,2024-10-02,29
5538,466,466.0,2025-01-22,79
5539,466,466.0,2025-01-22,29
5540,466,466.0,2025-01-22,29
5541,466,466.0,2025-01-22,79
5542,466,466.0,2025-01-22,29.00
5543,466,466.0,2025-01-22,29
5544,466,466.0,2025-01-22,199.00
5545,466,466.0,2025-01-22,79
5546,466,466.0,2025-01-22,79
5547,466,466.0,2025-01-22,199.00
5548,466,466.0,2025-01-22,29.00
5549,466,466.0,2025-01-22,79
5550,466,466.0,2025-01-22,79
5551,466,466.0,2025-01-22,29
5552,466,466.0,2025-01-22,29
5553,467,467.0,2024-10-31,29
5554,467,467.0,2024-10-31,79
5555,467,467.0,2024-10-31,29
5556,467,467.0,2024-10-31,79
5557,467,467.0,2024-10-31,79
5558,467,467.0,2024-10-31,79
5559,467,467.0,2024-10-31,199.00
5560,468,468.0,2024-10-29,79
5561,468,468.0,2024-10-29,79
5562,468,468.0,2024-10-29,199.00
5563,468,468.0,2024-10-29,29
5564,468,,2024-10-29,29.00
5565,468,468.0,2024-10-29,79
5566,468,468.0,2024-10-29,29.00
5567,468,468.0,2024-10-29,29.00
5568,468,,2024-10-29,79
5569,468,468.0,2024-10-29,79
5570,468,468.0,2024-10-29,29
5571,468,468.0,2024-10-29,79
5572,468,468.0,2024-10-29,79
5573,468,468.0,2024-10-29,79
5574,468,468.0,2024-10-29,79
5575,469,469.0,2024-12-31,29
5576,469,469.0,2024-12-31,29
5577,469,469.0,2024-12-31,199.00
5578,469,469.0,2024-12-31,79
5579,469,469.0,2024-12-31,29.00
5580,469,469.0,2024-12-31,29.00
5581,469,469.0,2024-12-31,29
5582,470,470.0,2026-04-08,79
5583,470,470.0,2026-04-08,-29
5584,470,470.0,2026-04-08,29
5585,470,470.0,2026-04-08,29
5586,470,470.0,2026-04-08,29
5587,470,470.0,2026-04-08,199.00
5588,470,470.0,2026-04-08,79
5589,470,470.0,2026-04-08,79
5590,470,470.0,2026-04-08,199.00
5591,470,470.0,2026-04-08,199.00
5592,470,470.0,2026-04-08,79
5593,470,470.0,2026-04-08,-29
5594,470,470.0,2026-04-08,79
5595,470,470.0,2026-04-08,79
5596,471,471.0,2026-05-29,29.00
5597,471,471.0,2026-05-29,29
5598,471,471.0,2026-05-29,79
5599,471,471.0,2026-05-29,199.00
5600,471,471.0,2026-05-29,79
5601,471,471.0,2026-05-29,79
5602,471,471.0,2026-05-29,29
5603,471,471.0,2026-05-29,29
5604,471,471.0,2026-05-29,29
5605,471,471.0,2026-05-29,199.00
5606,471,471.0,2026-05-29,79
5607,471,471.0,2026-05-29,79
5608,471,471.0,2026-05-29,29
5609,471,471.0,2026-05-29,199.00
5610,471,471.0,2026-05-29,79
5611,472,472.0,2024-08-08,29
5612,472,472.0,2024-08-08,199.00
5613,472,472.0,2024-08-08,29
5614,472,472.0,2024-08-08,79
5615,472,472.0,2024-08-08,79
5616,472,472.0,2024-08-08,29.00
5617,472,472.0,2024-08-08,29
5618,472,472.0,2024-08-08,79
5619,472,472.0,2024-08-08,29
5620,472,472.0,2024-08-08,79
5621,472,472.0,2024-08-08,79
5622,472,472.0,2024-08-08,29
5623,473,473.0,2026-04-06,79
5624,473,473.0,2026-04-06,29
5625,473,473.0,2026-04-06,29
5626,473,473.0,2026-04-06,29.00
5627,473,473.0,2026-04-06,29
5628,473,473.0,2026-04-06,29
5629,473,473.0,2026-04-06,79
5630,473,473.0,2026-04-06,29.00
5631,473,473.0,2026-04-06,29
5632,473,473.0,2026-04-06,29
5633,473,473.0,2026-04-06,-29
5634,474,474.0,2026-02-03,29.00
5635,474,474.0,2026-02-03,79
5636,474,474.0,2026-02-03,199.00
5637,474,474.0,2026-02-03,29.00
5638,474,474.0,2026-02-03,-29
5639,474,474.0,2026-02-03,29
5640,474,474.0,2026-02-03,29
5641,475,475.0,2025-10-07,29
5642,475,475.0,2025-10-07,29
5643,475,475.0,2025-10-07,79
5644,475,475.0,2025-10-07,79
5645,475,475.0,2025-10-07,29.00
5646,475,475.0,2025-10-07,29
5647,476,476.0,2025-10-04,199.00
5648,476,476.0,2025-10-04,29.00
5649,476,476.0,2025-10-04,29.00
5650,476,476.0,2025-10-04,29
5651,476,476.0,2025-10-04,199.00
5652,476,476.0,2025-10-04,29.00
5653,476,476.0,2025-10-04,199.00
5654,476,476.0,2025-10-04,29
5655,477,477.0,2024-10-18,29
5656,477,477.0,2024-10-18,29.00
5657,477,477.0,2024-10-18,29.00
5658,477,477.0,2024-10-18,29
5659,477,477.0,2024-10-18,29
5660,477,477.0,2024-10-18,79
5661,477,477.0,2024-10-18,29
5662,477,477.0,2024-10-18,29.00
5663,477,477.0,2024-10-18,29
5664,477,477.0,2024-10-18,29.00
5665,477,477.0,2024-10-18,29
5666,478,478.0,2025-03-29,79
5667,478,478.0,2025-03-29,79
5668,478,478.0,2025-03-29,29.00
5669,478,478.0,2025-03-29,199.00
5670,478,478.0,2025-03-29,29.00
5671,478,478.0,2025-03-29,79
5672,478,478.0,2025-03-29,29
5673,478,478.0,2025-03-29,29
5674,478,478.0,2025-03-29,29
5675,478,478.0,2025-03-29,29.00
5676,478,478.0,2025-03-29,199.00
5677,478,478.0,2025-03-29,79
5678,478,478.0,2025-03-29,29
5679,478,478.0,2025-03-29,29.00
5680,478,478.0,2025-03-29,29
5681,478,478.0,2025-03-29,29
5682,479,479.0,2026-01-30,29
5683,479,479.0,2026-01-30,79
5684,479,479.0,2026-01-30,29
5685,479,479.0,2026-01-30,29.00
5686,479,479.0,2026-01-30,199.00
5687,479,479.0,2026-01-30,79
5688,479,479.0,2026-01-30,79
5689,479,479.0,2026-01-30,79
5690,479,479.0,2026-01-30,199.00
5691,479,479.0,2026-01-30,199.00
5692,479,479.0,2026-01-30,199.00
5693,479,479.0,2026-01-30,79
5694,479,479.0,2026-01-30,79
5695,479,479.0,2026-01-30,79
5696,480,480.0,2024-08-31,79
5697,480,480.0,2024-08-31,199.00
5698,480,480.0,2024-08-31,29
5699,480,480.0,2024-08-31,79
5700,480,480.0,2024-08-31,199.00
5701,480,480.0,2024-08-31,29
5702,480,480.0,2024-08-31,79
5703,480,480.0,2024-08-31,199.00
5704,480,480.0,2024-08-31,29.00
5705,480,480.0,2024-08-31,79
5706,480,480.0,2024-08-31,29.00
5707,480,480.0,2024-08-31,29
5708,480,480.0,2024-08-31,79
5709,480,480.0,2024-08-31,29.00
5710,480,480.0,2024-08-31,29.00
5711,481,481.0,2025-05-01,29.00
5712,481,481.0,2025-05-01,29
5713,481,481.0,2025-05-01,-29
5714,481,481.0,2025-05-01,79
5715,481,481.0,2025-05-01,29
5716,481,481.0,2025-05-01,199.00
5717,481,481.0,2025-05-01,199.00
5718,481,481.0,2025-05-01,29
5719,482,482.0,2026-04-06,29
5720,482,482.0,2026-04-06,29.00
5721,482,482.0,2026-04-06,29
5722,482,482.0,2026-04-06,29
5723,482,482.0,2026-04-06,79
5724,482,482.0,2026-04-06,79
5725,482,482.0,2026-04-06,29
5726,482,482.0,2026-04-06,29
5727,482,482.0,2026-04-06,-29
5728,482,482.0,2026-04-06,29
5729,482,482.0,2026-04-06,-29
5730,482,482.0,2026-04-06,29
5731,482,482.0,2026-04-06,79
5732,482,482.0,2026-04-06,-29
5733,482,482.0,2026-04-06,79
5734,482,482.0,2026-04-06,79
5735,482,482.0,2026-04-06,29
5736,482,482.0,2026-04-06,29
5737,483,483.0,2025-11-15,29
5738,483,483.0,2025-11-15,29
5739,483,483.0,2025-11-15,79
5740,483,,2025-11-15,29
5741,483,483.0,2025-11-15,79
5742,483,483.0,2025-11-15,79
5743,483,483.0,2025-11-15,79
5744,483,483.0,2025-11-15,79
5745,483,483.0,2025-11-15,79
5746,483,483.0,2025-11-15,79
5747,484,484.0,2025-09-15,79
5748,484,484.0,2025-09-15,79
5749,484,484.0,2025-09-15,29
5750,484,484.0,2025-09-15,29.00
5751,484,484.0,2025-09-15,79
5752,484,484.0,2025-09-15,199.00
5753,484,484.0,2025-09-15,29
5754,484,484.0,2025-09-15,29
5755,484,484.0,2025-09-15,79
5756,484,484.0,2025-09-15,29.00
5757,484,,2025-09-15,29
5758,484,484.0,2025-09-15,79
5759,484,484.0,2025-09-15,29
5760,485,485.0,2024-07-09,79
5761,485,485.0,2024-07-09,199.00
5762,485,485.0,2024-07-09,79
5763,485,485.0,2024-07-09,29
5764,485,485.0,2024-07-09,199.00
5765,485,485.0,2024-07-09,79
5766,485,485.0,2024-07-09,29.00
5767,485,485.0,2024-07-09,29.00
5768,485,485.0,2024-07-09,79
5769,485,485.0,2024-07-09,199.00
5770,485,485.0,2024-07-09,29
5771,485,485.0,2024-07-09,29.00
5772,485,485.0,2024-07-09,199.00
5773,486,486.0,2025-11-20,79
5774,486,486.0,2025-11-20,29.00
5775,486,486.0,2025-11-20,79
5776,486,486.0,2025-11-20,29
5777,486,486.0,2025-11-20,199.00
5778,486,486.0,2025-11-20,29
5779,486,486.0,2025-11-20,79
5780,486,486.0,2025-11-20,29
5781,486,486.0,2025-11-20,29.00
5782,486,486.0,2025-11-20,79
5783,486,486.0,2025-11-20,-29
5784,486,486.0,2025-11-20,79
5785,487,487.0,2024-09-24,29
5786,487,487.0,2024-09-24,29.00
5787,487,487.0,2024-09-24,79
5788,487,487.0,2024-09-24,-29
5789,487,487.0,2024-09-24,29
5790,487,487.0,2024-09-24,29
5791,487,487.0,2024-09-24,29
5792,487,487.0,2024-09-24,29
5793,487,487.0,2024-09-24,29
5794,487,487.0,2024-09-24,29
5795,487,487.0,2024-09-24,79
5796,487,487.0,2024-09-24,29.00
5797,487,487.0,2024-09-24,79
5798,487,487.0,2024-09-24,29
5799,487,487.0,2024-09-24,199.00
5800,487,487.0,2024-09-24,79
5801,487,487.0,2024-09-24,199.00
5802,488,488.0,2025-11-14,79
5803,488,488.0,2025-11-14,79
5804,488,488.0,2025-11-14,79
5805,488,488.0,2025-11-14,29
5806,488,488.0,2025-11-14,79
5807,488,488.0,2025-11-14,79
5808,488,488.0,2025-11-14,29.00
5809,488,488.0,2025-11-14,29
5810,488,488.0,2025-11-14,199.00
5811,488,488.0,2025-11-14,29
5812,488,488.0,2025-11-14,79
5813,488,488.0,2025-11-14,199.00
5814,488,488.0,2025-11-14,29
5815,488,488.0,2025-11-14,199.00
5816,488,488.0,2025-11-14,29.00
5817,488,488.0,2025-11-14,79
5818,488,488.0,2025-11-14,29
5819,488,488.0,2025-11-14,199.00
5820,489,489.0,2025-01-21,79
5821,489,489.0,2025-01-21,29.00
5822,489,489.0,2025-01-21,199.00
5823,489,489.0,2025-01-21,29.00
5824,489,489.0,2025-01-21,29
5825,489,489.0,2025-01-21,29
5826,489,489.0,2025-01-21,79
5827,489,489.0,2025-01-21,29
5828,489,489.0,2025-01-21,79
5829,489,489.0,2025-01-21,79
5830,490,490.0,2024-08-31,79
5831,490,490.0,2024-08-31,29
5832,490,490.0,2024-08-31,29.00
5833,490,490.0,2024-08-31,29
5834,490,490.0,2024-08-31,79
5835,490,490.0,2024-08-31,29
5836,491,491.0,2024-12-25,199.00
5837,491,491.0,2024-12-25,29
5838,491,491.0,2024-12-25,29.00
5839,491,491.0,2024-12-25,29
5840,491,491.0,2024-12-25,29.00
5841,491,491.0,2024-12-25,199.00
5842,492,492.0,2025-06-16,29
5843,492,492.0,2025-06-16,199.00
5844,492,492.0,2025-06-16,29
5845,492,492.0,2025-06-16,29.00
5846,492,492.0,2025-06-16,199.00
5847,492,492.0,2025-06-16,79
5848,493,493.0,2024-11-27,79
5849,493,493.0,2024-11-27,29.00
5850,493,493.0,2024-11-27,79
5851,493,493.0,2024-11-27,199.00
5852,493,493.0,2024-11-27,29
5853,493,493.0,2024-11-27,29
5854,494,494.0,2025-11-05,-29
5855,494,494.0,2025-11-05,79
5856,494,494.0,2025-11-05,29.00
5857,494,494.0,2025-11-05,79
5858,494,494.0,2025-11-05,29
5859,494,494.0,2025-11-05,199.00
5860,494,494.0,2025-11-05,29.00
5861,494,494.0,2025-11-05,79
5862,494,494.0,2025-11-05,79
5863,494,494.0,2025-11-05,29.00
5864,495,495.0,2026-04-28,79
5865,495,495.0,2026-04-28,79
5866,495,495.0,2026-04-28,-29
5867,495,495.0,2026-04-28,79
5868,495,495.0,2026-04-28,199.00
5869,495,495.0,2026-04-28,199.00
5870,495,495.0,2026-04-28,79
5871,495,495.0,2026-04-28,199.00
5872,495,495.0,2026-04-28,29.00
5873,495,495.0,2026-04-28,79
5874,495,495.0,2026-04-28,-29
5875,496,496.0,2026-02-25,-29
5876,496,496.0,2026-02-25,29
5877,496,496.0,2026-02-25,29.00
5878,496,496.0,2026-02-25,29.00
5879,496,496.0,2026-02-25,29
5880,496,496.0,2026-02-25,79
5881,496,496.0,2026-02-25,79
5882,496,496.0,2026-02-25,29.00
5883,496,496.0,2026-02-25,-29
5884,496,496.0,2026-02-25,79
5885,496,496.0,2026-02-25,79
5886,497,497.0,2026-02-09,29
5887,497,497.0,2026-02-09,29
5888,497,497.0,2026-02-09,29.00
5889,497,497.0,2026-02-09,29
5890,497,497.0,2026-02-09,79
5891,497,497.0,2026-02-09,79
5892,497,497.0,2026-02-09,79
5893,497,497.0,2026-02-09,29.00
5894,497,497.0,2026-02-09,79
5895,497,497.0,2026-02-09,79
5896,497,497.0,2026-02-09,29.00
5897,497,497.0,2026-02-09,29.00
5898,497,497.0,2026-02-09,29.00
5899,497,497.0,2026-02-09,29.00
5900,498,498.0,2026-01-16,79
5901,498,498.0,2026-01-16,29.00
5902,498,498.0,2026-01-16,29
5903,498,498.0,2026-01-16,29.00
5904,498,498.0,2026-01-16,199.00
5905,498,498.0,2026-01-16,79
5906,499,499.0,2024-07-08,29
5907,499,499.0,2024-07-08,29
5908,499,499.0,2024-07-08,29
5909,499,499.0,2024-07-08,199.00
5910,499,499.0,2024-07-08,199.00
5911,499,499.0,2024-07-08,29.00
5912,499,499.0,2024-07-08,79
5913,499,499.0,2024-07-08,29
5914,499,499.0,2024-07-08,199.00
5915,499,499.0,2024-07-08,79
5916,499,499.0,2024-07-08,29.00
5917,499,499.0,2024-07-08,29.00
5918,499,499.0,2024-07-08,29
5919,499,499.0,2024-07-08,79
5920,499,499.0,2024-07-08,79
5921,499,499.0,2024-07-08,79
5922,500,500.0,2026-05-29,199.00
5923,500,500.0,2026-05-29,29
5924,500,500.0,2026-05-29,29
5925,500,500.0,2026-05-29,199.00
5926,500,500.0,2026-05-29,29
5927,500,500.0,2026-05-29,29
5928,500,500.0,2026-05-29,-29
5929,500,500.0,2026-05-29,199.00
